ABOVEMENTIONED,2011
ABROGATE,2009
ABROGATED,2009
ABROGATES,2009
ABROGATING,2009
ABROGATION,2009
ABROGATIONS,2009
ABSOLVE,2009
ABSOLVED,2009
ABSOLVES,2009
ABSOLVING,2009
ACCESSION,2009
ACCESSIONS,2009
ACQUIREES,2011
ACQUIRORS,2011
ACQUIT,2009
ACQUITS,2009
ACQUITTAL,2009
ACQUITTALS,2009
ACQUITTANCE,2009
ACQUITTANCES,2011
ACQUITTED,2009
ACQUITTING,2009
ADDENDUMS,2011
ADJOURN,2009
ADJOURNED,2009
ADJOURNING,2009
ADJOURNMENT,2009
ADJOURNMENTS,2009
ADJOURNS,2009
ADJUDGE,2009
ADJUDGED,2009
ADJUDGES,2009
ADJUDGING,2009
ADJUDICATE,2009
ADJUDICATED,2009
ADJUDICATES,2009
ADJUDICATING,2009
ADJUDICATION,2009
ADJUDICATIONS,2009
ADJUDICATIVE,2009
ADJUDICATOR,2009
ADJUDICATORS,2009
ADJUDICATORY,2009
ADMISSIBILITY,2009
ADMISSIBLE,2009
ADMISSIBLY,2009
ADMISSION,2009
ADMISSIONS,2009
AFFIDAVIT,2009
AFFIDAVITS,2009
AFFIRMANCE,2011
AFOREDESCRIBED,2011
AFOREMENTIONED,2009
AFORESAID,2009
AFORESTATED,2011
AGGRIEVED,2009
ALLEGATION,2009
ALLEGATIONS,2009
ALLEGE,2009
ALLEGED,2009
ALLEGEDLY,2009
ALLEGES,2009
ALLEGING,2009
AMEND,2009
AMENDABLE,2009
AMENDATORY,2009
AMENDED,2009
AMENDING,2009
AMENDMENT,2009
AMENDMENTS,2009
AMENDS,2009
ANTECEDENT,2009
ANTECEDENTS,2009
ANTITRUST,2009
ANYWISE,2009
APPEAL,2009
APPEALABLE,2009
APPEALED,2009
APPEALING,2009
APPEALS,2009
APPELLANT,2009
APPELLANTS,2009
APPELLATE,2009
APPELLEES,2011
APPOINTOR,2011
APPURTENANCE,2009
APPURTENANCES,2009
APPURTENANT,2009
ARBITRABILITY,2011
ARBITRAL,2009
ARBITRATE,2009
ARBITRATED,2009
ARBITRATES,2009
ARBITRATING,2009
ARBITRATION,2009
ARBITRATIONAL,2011
ARBITRATIONS,2009
ARBITRATIVE,2011
ARBITRATOR,2009
ARBITRATORS,2009
ARREARAGE,2009
ARREARAGES,2009
ASCENDANCY,2009
ASCENDANT,2009
ASCENDANTS,2009
ASSERTABLE,2011
ASSIGNATION,2009
ASSIGNATIONS,2009
ASSUMABLE,2009
ATTEST,2009
ATTESTATION,2009
ATTESTATIONS,2009
ATTESTED,2009
ATTESTING,2009
ATTORN,2011
ATTORNEY,2009
ATTORNEYS,2009
ATTORNMENT,2009
ATTORNS,2011
BAIL,2009
BAILED,2009
BAILEE,2009
BAILEES,2011
BAILIFF,2009
BAILIFFS,2009
BAILMENT,2011
BENEFICIATION,2011
BONA,2009
BONAFIDE,2009
BREACH,2009
BREACHED,2009
BREACHES,2009
BREACHING,2009
CERTIORARI,2011
CESSION,2009
CHATTEL,2009
CHATTELS,2009
CHOATE,2011
CLAIM,2009
CLAIMABLE,2009
CLAIMANT,2009
CLAIMANTS,2009
CLAIMS,2009
CODEFENDANT,2011
CODEFENDANTS,2011
CODICIL,2009
CODICILS,2009
CODIFICATION,2009
CODIFICATIONS,2009
CODIFIED,2009
CODIFIES,2009
CODIFY,2009
CODIFYING,2009
COLLUSION,2009
COMPENSATORY,2009
COMPLAINANT,2009
COMPLAINANTS,2009
CONDEMNOR,2011
CONFISCATORY,2009
CONSENT,2009
CONSENTED,2009
CONSENTING,2009
CONSENTS,2009
CONSERVATORSHIPS,2011
CONSTITUTION,2009
CONSTITUTIONAL,2009
CONSTITUTIONALITY,2009
CONSTITUTIONALLY,2009
CONSTITUTIONS,2009
CONSTITUTIVE,2009
CONTESTATION,2011
CONTRACT,2009
CONTRACTED,2009
CONTRACTHOLDER,2009
CONTRACTHOLDERS,2009
CONTRACTIBLE,2009
CONTRACTILE,2009
CONTRACTING,2009
CONTRACTS,2009
CONTRACTUAL,2009
CONTRACTUALLY,2009
CONTRAVENE,2009
CONTRAVENED,2009
CONTRAVENES,2009
CONTRAVENING,2009
CONTRAVENTION,2009
CONTRAVENTIONS,2009
CONTROVERT,2009
CONTROVERTED,2009
CONTROVERTING,2009
CONVEYANCE,2009
CONVEYANCES,2009
CONVICT,2009
CONVICTED,2009
CONVICTING,2009
CONVICTION,2009
CONVICTIONS,2009
COTERMINOUS,2009
COUNSEL,2009
COUNSELED,2009
COUNSELLED,2009
COUNSELS,2009
COUNTERSIGNOR,2011
COUNTERSUED,2011
COUNTERSUIT,2011
COURT,2009
COURTROOM,2009
COURTS,2009
CRIME,2009
CRIMES,2009
CRIMINAL,2009
CRIMINALITY,2009
CRIMINALLY,2009
CRIMINALS,2009
CROSSCLAIM,2011
CROSSCLAIMS,2011
DECEDENT,2009
DECEDENTS,2009
DECLARANT,2011
DECREE,2009
DECREED,2009
DECREEING,2009
DECREES,2009
DEFALCATION,2009
DEFALCATIONS,2009
DEFEASANCE,2009
DEFEASANCES,2011
DEFEASE,2009
DEFEASED,2009
DEFEASING,2011
DEFECTIVELY,2009
DEFENDANT,2009
DEFENDANTS,2009
DEFERENCE,2009
DELEGABLE,2009
DELEGATABLE,2011
DELEGATEE,2011
DELEGEES,2011
DEMURRED,2009
DEMURRER,2009
DEMURRERS,2009
DEMURRING,2009
DEMURS,2009
DEPOSE,2009
DEPOSED,2009
DEPOSES,2009
DEPOSING,2009
DEPOSITION,2009
DEPOSITIONAL,2011
DEPOSITIONS,2009
DEROGATE,2009
DEROGATED,2009
DEROGATES,2009
DEROGATING,2009
DEROGATION,2009
DEROGATIONS,2009
DESIGNATOR,2011
DESIST,2009
DETAINER,2009
DEVISEES,2011
DISAFFILIATION,2009
DISAFFIRM,2009
DISAFFIRMANCE,2009
DISAFFIRMED,2011
DISAFFIRMS,2011
DISPOSITIVE,2009
DISPOSSESSION,2009
DISPOSSESSORY,2011
DISTRAINT,2009
DISTRIBUTEE,2009
DISTRIBUTEES,2009
DOCKET,2009
DOCKETED,2009
DOCKETING,2009
DOCKETS,2009
DONEES,2011
DULY,2009
EJECTMENT,2011
ENCUMBER,2009
ENCUMBERED,2009
ENCUMBERING,2009
ENCUMBERS,2009
ENCUMBRANCE,2009
ENCUMBRANCER,2009
ENCUMBRANCERS,2011
ENCUMBRANCES,2009
ENDORSEE,2011
ENFORCEABILITY,2009
ENFORCEABLE,2009
ENFORCEABLY,2011
ESCHEAT,2011
ESCHEATED,2011
ESCHEATMENT,2011
ESCROWING,2011
ESTOPPEL,2011
EVIDENTIAL,2011
EVIDENTIARY,2009
EXCEEDANCE,2011
EXCEEDANCES,2011
EXCEEDENCES,2011
EXCISED,2009
EXCULPATE,2009
EXCULPATED,2009
EXCULPATES,2009
EXCULPATING,2009
EXCULPATION,2009
EXCULPATIONS,2009
EXCULPATORY,2009
EXECUTOR,2009
EXECUTORS,2009
EXECUTORY,2009
EXECUTRICES,2009
EXECUTRIX,2009
EXECUTRIXES,2009
EXTRACONTRACTUAL,2011
EXTRACORPOREAL,2011
FACIE,2009
FACTO,2011
FELONIES,2009
FELONIOUS,2009
FELONY,2009
FIDE,2009
FORBADE,2009
FORBEAR,2009
FORBEARANCE,2009
FORBEARANCES,2009
FORBEARING,2009
FORBEARS,2009
FOREBEAR,2009
FOREBEARANCE,2011
FOREBEARS,2009
FORFEITABILITY,2011
FORFEITABLE,2009
FORTHWITH,2009
FUGITIVE,2009
FUGITIVES,2009
FURTHERANCE,2009
GRANTOR,2009
GRANTORS,2009
HENCEFORTH,2009
HENCEFORWARD,2009
HEREAFTER,2009
HEREBY,2009
HEREDITAMENTS,2009
HEREFOR,2009
HEREFROM,2009
HEREIN,2009
HEREINABOVE,2009
HEREINAFTER,2009
HEREINBEFORE,2009
HEREINBELOW,2009
HEREOF,2009
HEREON,2009
HERETO,2009
HERETOFORE,2009
HEREUNDER,2009
HEREUNTO,2009
HEREUPON,2009
HEREWITH,2009
IMMATERIALITY,2009
IMPLEADED,2009
INASMUCH,2009
INCAPACITY,2009
INCARCERATE,2009
INCARCERATED,2009
INCARCERATES,2009
INCARCERATING,2009
INCARCERATION,2009
INCARCERATIONS,2009
INCHOATE,2009
INCONTESTABILITY,2009
INCONTESTABLE,2009
INDEMNIFIABLE,2009
INDEMNIFICATION,2009
INDEMNIFICATIONS,2009
INDEMNIFIED,2009
INDEMNIFIES,2009
INDEMNIFY,2009
INDEMNIFYING,2009
INDEMNITEE,2009
INDEMNITEES,2009
INDEMNITIES,2009
INDEMNITOR,2009
INDEMNITORS,2009
INDEMNITY,2009
INDICT,2009
INDICTABLE,2009
INDICTED,2009
INDICTING,2009
INDICTMENT,2009
INDICTMENTS,2009
INDORSEES,2011
INFORCE,2009
INFRACTION,2009
INFRACTIONS,2009
INFRINGER,2009
INJUNCTION,2009
INJUNCTIONS,2009
INJUNCTIVE,2009
INSOFAR,2009
INTERLOCUTORY,2009
INTERPLEADER,2009
INTERPOSE,2009
INTERPOSED,2009
INTERPOSES,2009
INTERPOSING,2009
INTERPOSITION,2009
INTERPOSITIONS,2009
INTERROGATE,2009
INTERROGATED,2009
INTERROGATES,2009
INTERROGATING,2009
INTERROGATION,2009
INTERROGATIONS,2009
INTERROGATOR,2009
INTERROGATORIES,2009
INTERROGATORS,2009
INTERROGATORY,2009
INTESTACY,2009
INTESTATE,2009
IRREVOCABILITY,2011
IRREVOCABLE,2009
IRREVOCABLY,2009
JOINDER,2009
JUDICIAL,2009
JUDICIALLY,2009
JUDICIARIES,2009
JUDICIARY,2009
JURIES,2009
JURIS,2011
JURISDICTION,2009
JURISDICTIONAL,2009
JURISDICTIONALLY,2011
JURISDICTIONS,2009
JURISPRUDENCE,2009
JURIST,2009
JURISTS,2009
JUROR,2009
JURORS,2009
JURY,2009
JURYMAN,2009
JUSTICE,2009
JUSTICES,2009
LAW,2009
LAWFUL,2009
LAWFULLY,2009
LAWFULNESS,2009
LAWMAKERS,2009
LAWMAKING,2009
LAWS,2009
LAWSUIT,2009
LAWSUITS,2009
LAWYER,2009
LAWYERS,2009
LEGAL,2009
LEGALESE,2009
LEGALITY,2009
LEGALIZATION,2009
LEGALIZATIONS,2009
LEGALIZE,2009
LEGALIZED,2009
LEGALIZES,2009
LEGALIZING,2009
LEGALLY,2009
LEGALS,2009
LEGATEE,2009
LEGATEES,2009
LEGISLATE,2009
LEGISLATED,2009
LEGISLATES,2009
LEGISLATING,2009
LEGISLATION,2009
LEGISLATIONS,2009
LEGISLATIVE,2009
LEGISLATIVELY,2009
LEGISLATOR,2009
LEGISLATORS,2009
LEGISLATURE,2009
LEGISLATURES,2009
LIBEL,2009
LIBELED,2009
LIBELOUS,2009
LIBELS,2009
LICENSABLE,2011
LIENHOLDERS,2011
LITIGANT,2009
LITIGANTS,2009
LITIGATE,2009
LITIGATED,2009
LITIGATES,2009
LITIGATING,2009
LITIGATION,2009
LITIGATIONS,2009
LITIGATOR,2009
LITIGATORS,2009
LITIGIOUS,2009
LITIGIOUSNESS,2009
MAJEURE,2011
MANDAMUS,2009
MEDIATE,2009
MEDIATED,2009
MEDIATES,2009
MEDIATING,2009
MEDIATION,2009
MEDIATIONS,2009
MEDIATOR,2009
MEDIATORS,2009
MISDEMEANOR,2009
MISFEASANCE,2009
MISTRIAL,2009
MISTRIALS,2009
MOREOVER,2009
MOTIONS,2009
MUTANDIS,2011
NOLO,2011
NONAPPEALABLE,2009
NONBREACHING,2011
NONCONTINGENT,2011
NONCONTRACTUAL,2011
NONCONTRIBUTORY,2009
NONFEASANCE,2011
NONFIDUCIARY,2011
NONFORFEITABILITY,2011
NONFORFEITABLE,2009
NONFORFEITURE,2011
NONGUARANTOR,2011
NONINFRINGEMENT,2011
NONINFRINGING,2011
NONJUDICIAL,2009
NONJUDICIALLY,2011
NONJURISDICTIONAL,2011
NONSEVERABLE,2011
NONTERMINABLE,2011
NONUSURIOUS,2011
NOTARIAL,2009
NOTARIES,2009
NOTARIZATION,2009
NOTARIZATIONS,2009
NOTARIZE,2009
NOTARIZED,2009
NOTARIZING,2009
NOTARY,2009
NOTWITHSTANDING,2009
NOVO,2011
NULLIFICATION,2009
NULLIFICATIONS,2009
NULLIFIED,2009
NULLIFIES,2009
NULLIFY,2009
NULLIFYING,2009
NULLITIES,2009
NULLITY,2009
OBLIGEE,2009
OBLIGEES,2011
OBLIGOR,2009
OBLIGORS,2009
OFFENSE,2009
OFFEREE,2009
OFFEREES,2011
OFFEROR,2009
OFFERORS,2011
OPTIONEE,2009
OPTIONEES,2009
OVERRULE,2009
OVERRULED,2009
OVERRULES,2009
OVERRULING,2009
PARA,2009
PARI,2009
PASSU,2009
PECUNIARILY,2009
PERJURY,2009
PERMITTEE,2011
PERMITTEES,2011
PERPETRATE,2009
PERPETRATED,2009
PERPETRATES,2009
PERPETRATING,2009
PERPETRATION,2009
PERSONAM,2011
PETITION,2009
PETITIONED,2009
PETITIONER,2009
PETITIONERS,2009
PETITIONING,2009
PETITIONS,2009
PLAINTIFF,2009
PLAINTIFFS,2009
PLEADING,2009
PLEADINGS,2009
PLEADS,2009
PLEAS,2009
PLEDGEE,2009
PLEDGEES,2011
PLEDGOR,2009
POSSESSORY,2009
POSTCLOSING,2011
POSTCLOSURE,2011
POSTCONTRACT,2011
POSTJUDGMENT,2011
PREAMENDMENT,2011
PREDECEASE,2009
PREDECEASED,2009
PREDECEASES,2009
PREDECEASING,2009
PREHEARING,2011
PREJUDICE,2009
PREJUDICED,2009
PREJUDICES,2009
PREJUDICIAL,2009
PREJUDICING,2009
PREPETITION,2009
PRESUMPTIVELY,2009
PRETRIAL,2009
PRIMA,2009
PRIVITY,2011
PROBATE,2009
PROBATED,2009
PROBATES,2009
PROBATING,2009
PROBATION,2009
PROBATIONAL,2009
PROBATIONARY,2009
PROBATIONER,2009
PROBATIONERS,2009
PROBATIONS,2009
PROMULGATE,2009
PROMULGATED,2009
PROMULGATES,2009
PROMULGATING,2009
PROMULGATION,2009
PROMULGATIONS,2009
PROMULGATOR,2009
PROMULGATORS,2009
PRORATA,2009
PRORATION,2009
PROSECUTE,2009
PROSECUTED,2009
PROSECUTES,2009
PROSECUTING,2009
PROSECUTION,2009
PROSECUTIONS,2009
PROSECUTOR,2009
PROSECUTORIAL,2011
PROSECUTORS,2009
PROVISO,2009
PROVISOES,2009
PROVISOS,2009
PUNISHABLE,2009
QUITCLAIM,2009
QUITCLAIMS,2009
RATA,2009
RATABLE,2009
RATABLY,2009
REARGUMENT,2011
REBUT,2009
REBUTS,2009
REBUTTABLE,2009
REBUTTABLY,2011
REBUTTAL,2009
REBUTTALS,2009
REBUTTED,2009
REBUTTING,2009
RECORDATION,2009
RECOUPABLE,2009
RECOUPMENT,2009
RECOUPMENTS,2009
RECOURSE,2009
RECOURSES,2009
RECTIFICATION,2009
RECTIFICATIONS,2009
RECUSAL,2011
RECUSE,2011
RECUSED,2011
RECUSING,2011
REDACT,2009
REDACTED,2009
REDACTING,2009
REDACTION,2009
REDACTIONS,2009
REFERENDA,2009
REFERENDUM,2009
REFERENDUMS,2009
REFILE,2009
REFILED,2009
REFILES,2009
REFILING,2009
REGULATE,2009
REGULATED,2009
REGULATES,2009
REGULATING,2009
REGULATION,2009
REGULATIONS,2009
REGULATIVE,2009
REGULATOR,2009
REGULATORS,2009
REGULATORY,2009
REHEAR,2009
REHEARD,2009
REHEARING,2009
REHEARINGS,2009
RELEASEES,2011
REMAND,2009
REMANDED,2009
REMANDING,2009
REMANDS,2009
REMEDIATE,2009
REMEDIATED,2009
REMEDIATING,2009
REMEDIATION,2009
REMEDIATIONS,2009
REMEDIED,2009
REMISED,2011
REPLEVIN,2009
REQUESTER,2011
REQUESTOR,2011
REREGULATION,2011
RESCIND,2009
RESCINDED,2009
RESCINDING,2009
RESCINDS,2009
RESCISSION,2009
RESCISSIONS,2009
RESTITUTIONARY,2011
RETENDERING,2011
RETROCEDE,2011
RETROCEDED,2011
RETROCESSIONAIRES,2011
REVOCABILITY,2011
REVOCATION,2009
REVOCATIONS,2009
RULING,2009
RULINGS,2009
SENTENCED,2009
SENTENCING,2009
SEQUESTRATOR,2009
SETTLEMENT,2009
SETTLEMENTS,2009
SEVERABILITY,2009
SEVERABLE,2009
SEVERALLY,2009
SEVERANCE,2009
SEVERANCES,2009
SHALL,2009
STATUTE,2009
STATUTES,2009
STATUTORILY,2009
STATUTORY,2009
SUBCLAUSE,2009
SUBCLAUSES,2009
SUBLEASEE,2011
SUBLEASEHOLD,2011
SUBLESSORS,2011
SUBLICENSEE,2009
SUBLICENSOR,2011
SUBPARAGRAPH,2009
SUBPARAGRAPHS,2009
SUBPOENA,2009
SUBPOENAED,2009
SUBPOENAS,2009
SUBROGATED,2009
SUBROGATION,2009
SUBTRUST,2011
SUBTRUSTS,2011
SUE,2009
SUED,2009
SUES,2009
SUING,2009
SUMMONED,2009
SUMMONING,2009
SUMMONS,2009
SUMMONSES,2009
SUPERSEDE,2009
SUPERSEDEAS,2011
SUPERSEDED,2009
SUPERSEDES,2009
SUPERSEDING,2009
SURETIES,2009
SURETY,2009
TENANTABILITY,2011
TERMINABLE,2009
TERMINUS,2009
TESTAMENTARY,2009
TESTIFY,2009
TESTIFYING,2009
TESTIMONY,2009
THENCE,2009
THENCEFORTH,2009
THENCEFORWARD,2009
THEREAFTER,2009
THEREAT,2009
THEREFROM,2009
THEREIN,2009
THEREINAFTER,2011
THEREOF,2009
THEREON,2009
THEREOVER,2011
THERETO,2009
THERETOFOR,2011
THERETOFORE,2009
THEREUNDER,2009
THEREUNTO,2009
THEREUPON,2009
THEREWITH,2009
TORT,2009
TORTIOUS,2009
TORTIOUSLY,2009
TORTS,2009
TRANSFEROR,2009
UNAPPEALABLE,2009
UNAPPEALED,2011
UNCONSTITUTIONAL,2009
UNCONSTITUTIONALITY,2009
UNCONSTITUTIONALLY,2009
UNCONTRACTED,2011
UNDISCHARGED,2009
UNENCUMBERED,2009
UNENFORCEABILITY,2009
UNENFORCEABLE,2009
UNLAWFUL,2009
UNLAWFULLY,2009
UNLAWFULNESS,2009
UNREMEDIATED,2011
UNSTAYED,2009
UNTO,2009
USURIOUS,2009
USURP,2009
USURPATION,2009
USURPED,2009
USURPING,2009
USURPS,2009
USURY,2009
VENDEE,2011
VENDEES,2011
VERDICT,2009
VERDICTS,2009
VIATICAL,2011
VIOLATIVE,2009
VOIDABLE,2009
VOIDED,2009
VOIDING,2009
WARRANTEES,2011
WARRANTOR,2011
WHATEVER,2009
WHATSOEVER,2009
WHENSOEVER,2009
WHEREABOUTS,2009
WHEREAS,2009
WHEREAT,2009
WHEREBY,2009
WHEREFORE,2009
WHEREIN,2009
WHEREOF,2009
WHEREON,2009
WHERETO,2009
WHEREUNDER,2011
WHEREUPON,2009
WHEREWITH,2009
WHISTLEBLOWERS,2011
WHOMEVER,2009
WHOMSOEVER,2009
WHOSOEVER,2009
WILFUL,2009
WILLFUL,2009
WILLFULLY,2009
WILLFULNESS,2009
WITNESS,2009
WITNESSES,2009
WRIT,2009
WRITS,2009
