ABLE,2009
ABUNDANCE,2009
ABUNDANT,2009
ACCLAIMED,2009
ACCOMPLISH,2009
ACCOMPLISHED,2009
ACCOMPLISHES,2009
ACCOMPLISHING,2009
ACCOMPLISHMENT,2009
ACCOMPLISHMENTS,2009
ACHIEVE,2009
ACHIEVED,2009
ACHIEVEMENT,2009
ACHIEVEMENTS,2009
ACHIEVES,2009
ACHIEVING,2009
ADEQUATELY,2009
ADVANCEMENT,2009
ADVANCEMENTS,2009
ADVANCES,2009
ADVANCING,2009
ADVANTAGE,2009
ADVANTAGED,2009
ADVANTAGEOUS,2009
ADVANTAGEOUSLY,2009
ADVANTAGES,2009
ALLIANCE,2009
ALLIANCES,2009
ASSURE,2009
ASSURED,2009
ASSURES,2009
ASSURING,2009
ATTAIN,2009
ATTAINED,2009
ATTAINING,2009
ATTAINMENT,2009
ATTAINMENTS,2009
ATTAINS,2009
ATTRACTIVE,2009
ATTRACTIVENESS,2009
BEAUTIFUL,2009
BEAUTIFULLY,2009
BENEFICIAL,2009
BENEFICIALLY,2009
BENEFIT,2009
BENEFITED,2009
BENEFITING,2009
BENEFITTED,2009
BENEFITTING,2009
BETTER,2009
BOLSTERED,2009
BOLSTERING,2009
BOLSTERS,2009
BOOM,2009
BOOMING,2009
BOOST,2009
BOOSTED,2009
BREAKTHROUGH,2009
BREAKTHROUGHS,2009
BRILLIANT,2009
CHARITABLE,2009
COLLABORATE,2009
COLLABORATED,2009
COLLABORATES,2009
COLLABORATING,2009
COLLABORATION,2009
COLLABORATIONS,2009
COLLABORATIVE,2009
COLLABORATOR,2009
COLLABORATORS,2009
COMPLIMENT,2009
COMPLIMENTARY,2009
COMPLIMENTED,2009
COMPLIMENTING,2009
COMPLIMENTS,2009
CONCLUSIVE,2009
CONCLUSIVELY,2009
CONDUCIVE,2009
CONFIDENT,2009
CONSTRUCTIVE,2009
CONSTRUCTIVELY,2009
COURTEOUS,2009
CREATIVE,2009
CREATIVELY,2009
CREATIVENESS,2009
CREATIVITY,2009
DELIGHT,2009
DELIGHTED,2009
DELIGHTFUL,2009
DELIGHTFULLY,2009
DELIGHTING,2009
DELIGHTS,2009
DEPENDABILITY,2009
DEPENDABLE,2009
DESIRABLE,2009
DESIRED,2009
DESPITE,2009
DESTINED,2009
DILIGENT,2009
DILIGENTLY,2009
DISTINCTION,2009
DISTINCTIONS,2009
DISTINCTIVE,2009
DISTINCTIVELY,2009
DISTINCTIVENESS,2009
DREAM,2009
EASIER,2009
EASILY,2009
EASY,2009
EFFECTIVE,2009
EFFICIENCIES,2009
EFFICIENCY,2009
EFFICIENT,2009
EFFICIENTLY,2009
EMPOWER,2009
EMPOWERED,2009
EMPOWERING,2009
EMPOWERS,2009
ENABLE,2009
ENABLED,2009
ENABLES,2009
ENABLING,2009
ENCOURAGED,2009
ENCOURAGEMENT,2009
ENCOURAGES,2009
ENCOURAGING,2009
ENHANCE,2009
ENHANCED,2009
ENHANCEMENT,2009
ENHANCEMENTS,2009
ENHANCES,2009
ENHANCING,2009
ENJOY,2009
ENJOYABLE,2009
ENJOYABLY,2009
ENJOYED,2009
ENJOYING,2009
ENJOYMENT,2009
ENJOYS,2009
ENTHUSIASM,2009
ENTHUSIASTIC,2009
ENTHUSIASTICALLY,2009
EXCELLENCE,2009
EXCELLENT,2009
EXCELLING,2009
EXCELS,2009
EXCEPTIONAL,2009
EXCEPTIONALLY,2009
EXCITED,2009
EXCITEMENT,2009
EXCITING,2009
EXCLUSIVE,2009
EXCLUSIVELY,2009
EXCLUSIVENESS,2009
EXCLUSIVES,2009
EXCLUSIVITY,2009
EXEMPLARY,2009
FANTASTIC,2009
FAVORABLE,2009
FAVORABLY,2009
FAVORED,2009
FAVORING,2009
FAVORITE,2009
FAVORITES,2009
FRIENDLY,2009
GAIN,2009
GAINED,2009
GAINING,2009
GAINS,2009
GOOD,2009
GREAT,2009
GREATER,2009
GREATEST,2009
GREATLY,2009
GREATNESS,2009
HAPPIEST,2009
HAPPILY,2009
HAPPINESS,2009
HAPPY,2009
HIGHEST,2009
HONOR,2009
HONORABLE,2009
HONORED,2009
HONORING,2009
HONORS,2009
IDEAL,2009
IMPRESS,2009
IMPRESSED,2009
IMPRESSES,2009
IMPRESSING,2009
IMPRESSIVE,2009
IMPRESSIVELY,2009
IMPROVE,2009
IMPROVED,2009
IMPROVEMENT,2009
IMPROVEMENTS,2009
IMPROVES,2009
IMPROVING,2009
INCREDIBLE,2009
INCREDIBLY,2009
INFLUENTIAL,2009
INFORMATIVE,2009
INGENUITY,2009
INNOVATE,2009
INNOVATED,2009
INNOVATES,2009
INNOVATING,2009
INNOVATION,2009
INNOVATIONS,2009
INNOVATIVE,2009
INNOVATIVENESS,2011
INNOVATOR,2009
INNOVATORS,2009
INSIGHTFUL,2009
INSPIRATION,2009
INSPIRATIONAL,2009
INTEGRITY,2009
INVENT,2009
INVENTED,2009
INVENTING,2009
INVENTION,2009
INVENTIONS,2009
INVENTIVE,2009
INVENTIVENESS,2009
INVENTOR,2009
INVENTORS,2009
LEADERSHIP,2009
LEADING,2009
LOYAL,2009
LUCRATIVE,2009
MERITORIOUS,2009
OPPORTUNITIES,2009
OPPORTUNITY,2009
OPTIMISTIC,2009
OUTPERFORM,2009
OUTPERFORMED,2009
OUTPERFORMING,2009
OUTPERFORMS,2009
OUTSTANDING,2009
PERFECT,2009
PERFECTED,2009
PERFECTLY,2009
PERFECTS,2009
PLEASANT,2009
PLEASANTLY,2009
PLEASED,2009
PLEASURE,2009
PLENTIFUL,2009
POPULAR,2009
POPULARITY,2009
POSITIVE,2009
POSITIVELY,2009
PREEMINENCE,2009
PREEMINENT,2009
PREMIER,2009
PREMIERE,2009
PRESTIGE,2009
PRESTIGIOUS,2009
PROACTIVE,2009
PROACTIVELY,2009
PROFICIENCY,2009
PROFICIENT,2009
PROFICIENTLY,2009
PROFITABILITY,2009
PROFITABLE,2009
PROFITABLY,2009
PROGRESS,2009
PROGRESSED,2009
PROGRESSES,2009
PROGRESSING,2009
PROSPERED,2009
PROSPERING,2009
PROSPERITY,2009
PROSPEROUS,2009
PROSPERS,2009
REBOUND,2009
REBOUNDED,2009
REBOUNDING,2009
RECEPTIVE,2009
REGAIN,2009
REGAINED,2009
REGAINING,2009
RESOLVE,2009
REVOLUTIONIZE,2009
REVOLUTIONIZED,2009
REVOLUTIONIZES,2009
REVOLUTIONIZING,2009
REWARD,2009
REWARDED,2009
REWARDING,2009
REWARDS,2009
SATISFACTION,2009
SATISFACTORILY,2009
SATISFACTORY,2009
SATISFIED,2009
SATISFIES,2009
SATISFY,2009
SATISFYING,2009
SMOOTH,2009
SMOOTHING,2009
SMOOTHLY,2009
SMOOTHS,2009
SOLVES,2009
SOLVING,2009
SPECTACULAR,2009
SPECTACULARLY,2009
STABILITY,2009
STABILIZATION,2009
STABILIZATIONS,2009
STABILIZE,2009
STABILIZED,2009
STABILIZES,2009
STABILIZING,2009
STABLE,2009
STRENGTH,2009
STRENGTHEN,2009
STRENGTHENED,2009
STRENGTHENING,2009
STRENGTHENS,2009
STRENGTHS,2009
STRONG,2009
STRONGER,2009
STRONGEST,2009
SUCCEED,2009
SUCCEEDED,2009
SUCCEEDING,2009
SUCCEEDS,2009
SUCCESS,2009
SUCCESSES,2009
SUCCESSFUL,2009
SUCCESSFULLY,2009
SUPERIOR,2009
SURPASS,2009
SURPASSED,2009
SURPASSES,2009
SURPASSING,2009
TRANSPARENCY,2009
TREMENDOUS,2009
TREMENDOUSLY,2009
UNMATCHED,2009
UNPARALLELED,2009
UNSURPASSED,2009
UPTURN,2009
UPTURNS,2009
VALUABLE,2009
VERSATILE,2009
VERSATILITY,2009
VIBRANCY,2009
VIBRANT,2009
WIN,2009
WINNER,2009
WINNERS,2009
WINNING,2009
WORTHY,2009
