ABEYANCE,2009
ABEYANCES,2009
ALMOST,2009
ALTERATION,2009
ALTERATIONS,2009
AMBIGUITIES,2009
AMBIGUITY,2009
AMBIGUOUS,2009
ANOMALIES,2009
ANOMALOUS,2009
ANOMALOUSLY,2009
ANOMALY,2009
ANTICIPATE,2009
ANTICIPATED,2009
ANTICIPATES,2009
ANTICIPATING,2009
ANTICIPATION,2009
ANTICIPATIONS,2009
APPARENT,2009
APPARENTLY,2009
APPEAR,2009
APPEARED,2009
APPEARING,2009
APPEARS,2009
APPROXIMATE,2009
APPROXIMATED,2009
APPROXIMATELY,2009
APPROXIMATES,2009
APPROXIMATING,2009
APPROXIMATION,2009
APPROXIMATIONS,2009
ARBITRARILY,2009
ARBITRARINESS,2009
ARBITRARY,2009
ASSUME,2009
ASSUMED,2009
ASSUMES,2009
ASSUMING,2009
ASSUMPTION,2009
ASSUMPTIONS,2009
BELIEVE,2009
BELIEVED,2009
BELIEVES,2009
BELIEVING,2009
CAUTIOUS,2009
CAUTIOUSLY,2009
CAUTIOUSNESS,2009
CLARIFICATION,2009
CLARIFICATIONS,2009
CONCEIVABLE,2009
CONCEIVABLY,2009
CONDITIONAL,2009
CONDITIONALLY,2009
CONFUSES,2009
CONFUSING,2009
CONFUSINGLY,2009
CONFUSION,2009
CONTINGENCIES,2009
CONTINGENCY,2009
CONTINGENT,2009
CONTINGENTLY,2009
CONTINGENTS,2009
COULD,2009
CROSSROAD,2009
CROSSROADS,2009
DEPEND,2009
DEPENDED,2009
DEPENDENCE,2009
DEPENDENCIES,2009
DEPENDENCY,2009
DEPENDENT,2009
DEPENDING,2009
DEPENDS,2009
DESTABILIZING,2009
DEVIATE,2009
DEVIATED,2009
DEVIATES,2009
DEVIATING,2009
DEVIATION,2009
DEVIATIONS,2009
DIFFER,2009
DIFFERED,2009
DIFFERING,2009
DIFFERS,2009
DOUBT,2009
DOUBTED,2009
DOUBTFUL,2009
DOUBTS,2009
EXPOSURE,2009
EXPOSURES,2009
FLUCTUATE,2009
FLUCTUATED,2009
FLUCTUATES,2009
FLUCTUATING,2009
FLUCTUATION,2009
FLUCTUATIONS,2009
HIDDEN,2009
HINGES,2009
IMPRECISE,2009
IMPRECISION,2009
IMPRECISIONS,2009
IMPROBABILITY,2009
IMPROBABLE,2009
INCOMPLETENESS,2009
INDEFINITE,2009
INDEFINITELY,2009
INDEFINITENESS,2009
INDETERMINABLE,2009
INDETERMINATE,2009
INEXACT,2009
INEXACTNESS,2009
INSTABILITIES,2009
INSTABILITY,2009
INTANGIBLE,2009
INTANGIBLES,2009
LIKELIHOOD,2009
MAY,2009
MAYBE,2009
MIGHT,2009
NEARLY,2009
NONASSESSABLE,2009
OCCASIONALLY,2009
ORDINARILY,2009
PENDING,2009
PERHAPS,2009
POSSIBILITIES,2009
POSSIBILITY,2009
POSSIBLE,2009
POSSIBLY,2009
PRECAUTION,2009
PRECAUTIONARY,2009
PRECAUTIONS,2009
PREDICT,2009
PREDICTABILITY,2009
PREDICTED,2009
PREDICTING,2009
PREDICTION,2009
PREDICTIONS,2009
PREDICTIVE,2009
PREDICTOR,2009
PREDICTORS,2009
PREDICTS,2009
PRELIMINARILY,2009
PRELIMINARY,2009
PRESUMABLY,2009
PRESUME,2009
PRESUMED,2009
PRESUMES,2009
PRESUMING,2009
PRESUMPTION,2009
PRESUMPTIONS,2009
PROBABILISTIC,2009
PROBABILITIES,2009
PROBABILITY,2009
PROBABLE,2009
PROBABLY,2009
RANDOM,2009
RANDOMIZE,2009
RANDOMIZED,2009
RANDOMIZES,2009
RANDOMIZING,2009
RANDOMLY,2009
RANDOMNESS,2009
REASSESS,2009
REASSESSED,2009
REASSESSES,2009
REASSESSING,2009
REASSESSMENT,2009
REASSESSMENTS,2009
RECALCULATE,2009
RECALCULATED,2009
RECALCULATES,2009
RECALCULATING,2009
RECALCULATION,2009
RECALCULATIONS,2009
RECONSIDER,2009
RECONSIDERED,2009
RECONSIDERING,2009
RECONSIDERS,2009
REEXAMINATION,2009
REEXAMINE,2009
REEXAMINING,2009
REINTERPRET,2009
REINTERPRETATION,2009
REINTERPRETATIONS,2009
REINTERPRETED,2009
REINTERPRETING,2009
REINTERPRETS,2009
REVISE,2009
REVISED,2009
RISK,2009
RISKED,2009
RISKIER,2009
RISKIEST,2009
RISKINESS,2009
RISKING,2009
RISKS,2009
RISKY,2009
ROUGHLY,2009
RUMORS,2009
SEEMS,2009
SELDOM,2009
SELDOMLY,2009
SOMETIME,2009
SOMETIMES,2009
SOMEWHAT,2009
SOMEWHERE,2009
SPECULATE,2009
SPECULATED,2009
SPECULATES,2009
SPECULATING,2009
SPECULATION,2009
SPECULATIONS,2009
SPECULATIVE,2009
SPECULATIVELY,2009
SPORADIC,2009
SPORADICALLY,2009
SUDDEN,2009
SUDDENLY,2009
SUGGEST,2009
SUGGESTED,2009
SUGGESTING,2009
SUGGESTS,2009
SUSCEPTIBILITY,2009
TENDING,2009
TENTATIVE,2009
TENTATIVELY,2009
TURBULENCE,2009
UNCERTAIN,2009
UNCERTAINLY,2009
UNCERTAINTIES,2009
UNCERTAINTY,2009
UNCLEAR,2009
UNCONFIRMED,2009
UNDECIDED,2009
UNDEFINED,2009
UNDESIGNATED,2009
UNDETECTABLE,2009
UNDETERMINABLE,2009
UNDETERMINED,2009
UNDOCUMENTED,2009
UNEXPECTED,2009
UNEXPECTEDLY,2009
UNFAMILIAR,2009
UNFAMILIARITY,2009
UNFORECASTED,2011
UNFORSEEN,2011
UNGUARANTEED,2009
UNHEDGED,2009
UNIDENTIFIABLE,2009
UNIDENTIFIED,2009
UNKNOWN,2009
UNKNOWNS,2009
UNOBSERVABLE,2009
UNPLANNED,2009
UNPREDICTABILITY,2009
UNPREDICTABLE,2009
UNPREDICTABLY,2009
UNPREDICTED,2011
UNPROVED,2009
UNPROVEN,2009
UNQUANTIFIABLE,2011
UNQUANTIFIED,2011
UNRECONCILED,2011
UNSEASONABLE,2009
UNSEASONABLY,2009
UNSETTLED,2009
UNSPECIFIC,2009
UNSPECIFIED,2009
UNTESTED,2009
UNUSUAL,2009
UNUSUALLY,2009
UNWRITTEN,2009
VAGARIES,2009
VARIABILITY,2009
VARIABLE,2009
VARIABLES,2009
VARIABLY,2009
VARIANCE,2009
VARIANCES,2009
VARIANT,2009
VARIANTS,2009
VARIATION,2009
VARIATIONS,2009
VARIED,2009
VARIES,2009
VARY,2009
VARYING,2009
VOLATILE,2009
VOLATILITIES,2009
VOLATILITY,2009
