ABANDON,2009
ABANDONED,2009
ABANDONING,2009
ABANDONMENT,2009
ABANDONMENTS,2009
ABANDONS,2009
ABDICATED,2009
ABDICATES,2009
ABDICATING,2009
ABDICATION,2009
ABDICATIONS,2009
ABERRANT,2009
ABERRATION,2009
ABERRATIONAL,2009
ABERRATIONS,2009
ABETTING,2009
ABNORMAL,2009
ABNORMALITIES,2009
ABNORMALITY,2009
ABNORMALLY,2009
ABOLISH,2009
ABOLISHED,2009
ABOLISHES,2009
ABOLISHING,2009
ABROGATE,2009
ABROGATED,2009
ABROGATES,2009
ABROGATING,2009
ABROGATION,2009
ABROGATIONS,2009
ABRUPT,2009
ABRUPTLY,2009
ABRUPTNESS,2009
ABSENCE,2009
ABSENCES,2009
ABSENTEEISM,2009
ABUSE,2009
ABUSED,2009
ABUSES,2009
ABUSING,2009
ABUSIVE,2009
ABUSIVELY,2009
ABUSIVENESS,2009
ACCIDENT,2009
ACCIDENTAL,2009
ACCIDENTALLY,2009
ACCIDENTS,2009
ACCUSATION,2009
ACCUSATIONS,2009
ACCUSE,2009
ACCUSED,2009
ACCUSES,2009
ACCUSING,2009
ACQUIESCE,2009
ACQUIESCED,2009
ACQUIESCES,2009
ACQUIESCING,2009
ACQUIT,2009
ACQUITS,2009
ACQUITTAL,2009
ACQUITTALS,2009
ACQUITTED,2009
ACQUITTING,2009
ADULTERATE,2009
ADULTERATED,2009
ADULTERATING,2009
ADULTERATION,2009
ADULTERATIONS,2009
ADVERSARIAL,2009
ADVERSARIES,2009
ADVERSARY,2009
ADVERSE,2009
ADVERSELY,2009
ADVERSITIES,2009
ADVERSITY,2009
AFTERMATH,2009
AFTERMATHS,2009
AGAINST,2009
AGGRAVATE,2009
AGGRAVATED,2009
AGGRAVATES,2009
AGGRAVATING,2009
AGGRAVATION,2009
AGGRAVATIONS,2009
ALERTED,2009
ALERTING,2009
ALIENATE,2009
ALIENATED,2009
ALIENATES,2009
ALIENATING,2009
ALIENATION,2009
ALIENATIONS,2009
ALLEGATION,2009
ALLEGATIONS,2009
ALLEGE,2009
ALLEGED,2009
ALLEGEDLY,2009
ALLEGES,2009
ALLEGING,2009
ANNOY,2009
ANNOYANCE,2009
ANNOYANCES,2009
ANNOYED,2009
ANNOYING,2009
ANNOYS,2009
ANNUL,2009
ANNULLED,2009
ANNULLING,2009
ANNULMENT,2009
ANNULMENTS,2009
ANNULS,2009
ANOMALIES,2009
ANOMALOUS,2009
ANOMALOUSLY,2009
ANOMALY,2009
ANTICOMPETITIVE,2009
ANTITRUST,2009
ARGUE,2009
ARGUED,2009
ARGUING,2009
ARGUMENT,2009
ARGUMENTATIVE,2009
ARGUMENTS,2009
ARREARAGE,2009
ARREARAGES,2009
ARREARS,2009
ARREST,2009
ARRESTED,2009
ARRESTS,2009
ARTIFICIALLY,2009
ASSAULT,2009
ASSAULTED,2009
ASSAULTING,2009
ASSAULTS,2009
ASSERTIONS,2009
ATTRITION,2009
AVERSELY,2011
BACKDATING,2009
BAD,2009
BAIL,2009
BAILOUT,2009
BALK,2009
BALKED,2009
BANKRUPT,2009
BANKRUPTCIES,2009
BANKRUPTCY,2009
BANKRUPTED,2009
BANKRUPTING,2009
BANKRUPTS,2009
BANS,2009
BARRED,2009
BARRIER,2009
BARRIERS,2009
BOTTLENECK,2009
BOTTLENECKS,2009
BOYCOTT,2009
BOYCOTTED,2009
BOYCOTTING,2009
BOYCOTTS,2009
BREACH,2009
BREACHED,2009
BREACHES,2009
BREACHING,2009
BREAK,2009
BREAKAGE,2009
BREAKAGES,2009
BREAKDOWN,2009
BREAKDOWNS,2009
BREAKING,2009
BREAKS,2009
BRIBE,2009
BRIBED,2009
BRIBERIES,2009
BRIBERY,2009
BRIBES,2009
BRIBING,2009
BRIDGE,2009
BROKEN,2009
BURDEN,2009
BURDENED,2009
BURDENING,2009
BURDENS,2009
BURDENSOME,2009
BURNED,2009
CALAMITIES,2009
CALAMITOUS,2009
CALAMITY,2009
CANCEL,2009
CANCELED,2009
CANCELING,2009
CANCELLATION,2009
CANCELLATIONS,2009
CANCELLED,2009
CANCELLING,2009
CANCELS,2009
CARELESS,2009
CARELESSLY,2009
CARELESSNESS,2009
CASUALTIES,2009
CASUALTY,2009
CATASTROPHE,2009
CATASTROPHES,2009
CATASTROPHIC,2009
CATASTROPHICALLY,2009
CAUTION,2009
CAUTIONARY,2009
CAUTIONED,2009
CAUTIONING,2009
CAUTIONS,2009
CEASE,2009
CEASED,2009
CEASES,2009
CEASING,2009
CENSURE,2009
CENSURED,2009
CENSURES,2009
CENSURING,2009
CHALLENGE,2009
CHALLENGED,2009
CHALLENGES,2009
CHALLENGING,2009
CHARGEOFFS,2009
CIRCUMVENT,2009
CIRCUMVENTED,2009
CIRCUMVENTING,2009
CIRCUMVENTION,2009
CIRCUMVENTIONS,2009
CIRCUMVENTS,2009
CLAIMING,2009
CLAIMS,2009
CLAWBACK,2009
CLOSED,2009
CLOSEOUT,2009
CLOSEOUTS,2009
CLOSING,2009
CLOSINGS,2009
CLOSURE,2009
CLOSURES,2009
COERCE,2009
COERCED,2009
COERCES,2009
COERCING,2009
COERCION,2009
COERCIVE,2009
COLLAPSE,2009
COLLAPSED,2009
COLLAPSES,2009
COLLAPSING,2009
COLLISION,2009
COLLISIONS,2009
COLLUDE,2009
COLLUDED,2009
COLLUDES,2009
COLLUDING,2009
COLLUSION,2009
COLLUSIONS,2009
COLLUSIVE,2009
COMPLAIN,2009
COMPLAINED,2009
COMPLAINING,2009
COMPLAINS,2009
COMPLAINT,2009
COMPLAINTS,2009
COMPLICATE,2009
COMPLICATED,2009
COMPLICATES,2009
COMPLICATING,2009
COMPLICATION,2009
COMPLICATIONS,2009
COMPULSION,2009
CONCEALED,2009
CONCEALING,2009
CONCEDE,2009
CONCEDED,2009
CONCEDES,2009
CONCEDING,2009
CONCERN,2009
CONCERNED,2009
CONCERNS,2009
CONCILIATING,2009
CONCILIATION,2009
CONCILIATIONS,2009
CONDEMN,2009
CONDEMNATION,2009
CONDEMNATIONS,2009
CONDEMNED,2009
CONDEMNING,2009
CONDEMNS,2009
CONDONE,2009
CONDONED,2009
CONFESS,2009
CONFESSED,2009
CONFESSES,2009
CONFESSING,2009
CONFESSION,2009
CONFINE,2009
CONFINED,2009
CONFINEMENT,2009
CONFINEMENTS,2009
CONFINES,2009
CONFINING,2009
CONFISCATE,2009
CONFISCATED,2009
CONFISCATES,2009
CONFISCATING,2009
CONFISCATION,2009
CONFISCATIONS,2009
CONFLICT,2009
CONFLICTED,2009
CONFLICTING,2009
CONFLICTS,2009
CONFRONT,2009
CONFRONTATION,2009
CONFRONTATIONAL,2009
CONFRONTATIONS,2009
CONFRONTED,2009
CONFRONTING,2009
CONFRONTS,2009
CONFUSE,2009
CONFUSED,2009
CONFUSES,2009
CONFUSING,2009
CONFUSINGLY,2009
CONFUSION,2009
CONSPIRACIES,2009
CONSPIRACY,2009
CONSPIRATOR,2009
CONSPIRATORIAL,2009
CONSPIRATORS,2009
CONSPIRE,2009
CONSPIRED,2009
CONSPIRES,2009
CONSPIRING,2009
CONSTRUE,2009
CONSTRUED,2009
CONSTRUES,2009
CONSTRUING,2009
CONTEMPT,2009
CONTEND,2009
CONTENDED,2009
CONTENDING,2009
CONTENDS,2009
CONTENTION,2009
CONTENTIONS,2009
CONTENTIOUS,2009
CONTENTIOUSLY,2009
CONTESTED,2009
CONTESTING,2009
CONTRACTION,2009
CONTRACTIONS,2009
CONTRADICT,2009
CONTRADICTED,2009
CONTRADICTING,2009
CONTRADICTION,2009
CONTRADICTIONS,2009
CONTRADICTORY,2009
CONTRADICTS,2009
CONTRARY,2009
CONTROVERSIAL,2009
CONTROVERSIES,2009
CONTROVERSY,2009
CONVICT,2009
CONVICTED,2009
CONVICTING,2009
CONVICTION,2009
CONVICTIONS,2009
CORRECTED,2009
CORRECTING,2009
CORRECTION,2009
CORRECTIONS,2009
CORRECTS,2009
CORRUPT,2009
CORRUPTED,2009
CORRUPTING,2009
CORRUPTION,2009
CORRUPTIONS,2009
CORRUPTLY,2009
CORRUPTNESS,2009
COSTLY,2009
COUNTERCLAIM,2009
COUNTERCLAIMED,2009
COUNTERCLAIMING,2009
COUNTERCLAIMS,2009
COUNTERFEIT,2009
COUNTERFEITED,2009
COUNTERFEITER,2009
COUNTERFEITERS,2009
COUNTERFEITING,2009
COUNTERFEITS,2009
COUNTERMEASURE,2009
COUNTERMEASURES,2009
CRIME,2009
CRIMES,2009
CRIMINAL,2009
CRIMINALLY,2009
CRIMINALS,2009
CRISES,2009
CRISIS,2009
CRITICAL,2009
CRITICALLY,2009
CRITICISM,2009
CRITICISMS,2009
CRITICIZE,2009
CRITICIZED,2009
CRITICIZES,2009
CRITICIZING,2009
CRUCIAL,2009
CRUCIALLY,2009
CULPABILITY,2009
CULPABLE,2009
CULPABLY,2009
CUMBERSOME,2009
CURTAIL,2009
CURTAILED,2009
CURTAILING,2009
CURTAILMENT,2009
CURTAILMENTS,2009
CURTAILS,2009
CUT,2009
CUTBACK,2009
CUTBACKS,2009
DAMAGE,2009
DAMAGED,2009
DAMAGES,2009
DAMAGING,2009
DAMPEN,2009
DAMPENED,2009
DANGER,2009
DANGEROUS,2009
DANGEROUSLY,2009
DANGERS,2009
DEADLOCK,2009
DEADLOCKED,2009
DEADLOCKING,2009
DEADLOCKS,2009
DEADWEIGHT,2009
DEADWEIGHTS,2009
DEBARMENT,2009
DEBARMENTS,2009
DEBARRED,2009
DECEASED,2009
DECEIT,2009
DECEITFUL,2009
DECEITFULNESS,2009
DECEIVE,2009
DECEIVED,2009
DECEIVES,2009
DECEIVING,2009
DECEPTION,2009
DECEPTIONS,2009
DECEPTIVE,2009
DECEPTIVELY,2009
DECLINE,2009
DECLINED,2009
DECLINES,2009
DECLINING,2009
DEEPENED,2009
DEEPENING,2009
DEEPENS,2009
DEEPER,2009
DEEPEST,2009
DEFACE,2009
DEFACED,2009
DEFACEMENT,2009
DEFAMATION,2009
DEFAMATIONS,2009
DEFAMATORY,2009
DEFAME,2009
DEFAMED,2009
DEFAMES,2009
DEFAMING,2009
DEFAULT,2009
DEFAULTED,2009
DEFAULTING,2009
DEFAULTS,2009
DEFEAT,2009
DEFEATED,2009
DEFEATING,2009
DEFEATS,2009
DEFECT,2009
DEFECTIVE,2009
DEFECTS,2009
DEFEND,2009
DEFENDANT,2009
DEFENDANTS,2009
DEFENDED,2009
DEFENDING,2009
DEFENDS,2009
DEFENSIVE,2009
DEFER,2009
DEFICIENCIES,2009
DEFICIENCY,2009
DEFICIENT,2009
DEFICIT,2009
DEFICITS,2009
DEFRAUD,2009
DEFRAUDED,2009
DEFRAUDING,2009
DEFRAUDS,2009
DEFUNCT,2009
DEGRADATION,2009
DEGRADATIONS,2009
DEGRADE,2009
DEGRADED,2009
DEGRADES,2009
DEGRADING,2009
DELAY,2009
DELAYED,2009
DELAYING,2009
DELAYS,2009
DELETERIOUS,2009
DELIBERATE,2009
DELIBERATED,2009
DELIBERATELY,2009
DELINQUENCIES,2009
DELINQUENCY,2009
DELINQUENT,2009
DELINQUENTLY,2009
DELINQUENTS,2009
DELIST,2009
DELISTED,2009
DELISTING,2009
DELISTS,2011
DEMISE,2009
DEMISED,2009
DEMISES,2009
DEMISING,2009
DEMOLISH,2009
DEMOLISHED,2009
DEMOLISHES,2009
DEMOLISHING,2009
DEMOLITION,2009
DEMOLITIONS,2009
DEMOTE,2009
DEMOTED,2009
DEMOTES,2009
DEMOTING,2009
DEMOTION,2009
DEMOTIONS,2009
DENIAL,2009
DENIALS,2009
DENIED,2009
DENIES,2009
DENIGRATE,2009
DENIGRATED,2009
DENIGRATES,2009
DENIGRATING,2009
DENIGRATION,2009
DENY,2009
DENYING,2009
DEPLETE,2009
DEPLETED,2009
DEPLETES,2009
DEPLETING,2009
DEPLETION,2009
DEPLETIONS,2009
DEPRECATION,2009
DEPRESS,2009
DEPRESSED,2009
DEPRESSES,2009
DEPRESSING,2009
DEPRIVATION,2009
DEPRIVE,2009
DEPRIVED,2009
DEPRIVES,2009
DEPRIVING,2009
DERELICT,2009
DERELICTION,2009
DEROGATORY,2009
DESTABILIZATION,2009
DESTABILIZE,2009
DESTABILIZED,2009
DESTABILIZING,2009
DESTROY,2009
DESTROYED,2009
DESTROYING,2009
DESTROYS,2009
DESTRUCTION,2009
DESTRUCTIVE,2009
DETAIN,2009
DETAINED,2009
DETENTION,2009
DETENTIONS,2009
DETER,2009
DETERIORATE,2009
DETERIORATED,2009
DETERIORATES,2009
DETERIORATING,2009
DETERIORATION,2009
DETERIORATIONS,2009
DETERRED,2009
DETERRENCE,2009
DETERRENCES,2009
DETERRENT,2009
DETERRENTS,2009
DETERRING,2009
DETERS,2009
DETRACT,2009
DETRACTED,2009
DETRACTING,2009
DETRIMENT,2009
DETRIMENTAL,2009
DETRIMENTALLY,2009
DETRIMENTS,2009
DEVALUE,2009
DEVALUED,2009
DEVALUES,2009
DEVALUING,2009
DEVASTATE,2009
DEVASTATED,2009
DEVASTATING,2009
DEVASTATION,2009
DEVIATE,2009
DEVIATED,2009
DEVIATES,2009
DEVIATING,2009
DEVIATION,2009
DEVIATIONS,2009
DEVOLVE,2009
DEVOLVED,2009
DEVOLVES,2009
DEVOLVING,2009
DIFFICULT,2009
DIFFICULTIES,2009
DIFFICULTLY,2009
DIFFICULTY,2009
DIMINISH,2009
DIMINISHED,2009
DIMINISHES,2009
DIMINISHING,2009
DIMINUTION,2009
DISADVANTAGE,2009
DISADVANTAGED,2009
DISADVANTAGEOUS,2009
DISADVANTAGES,2009
DISAFFILIATION,2009
DISAGREE,2009
DISAGREEABLE,2009
DISAGREED,2009
DISAGREEING,2009
DISAGREEMENT,2009
DISAGREEMENTS,2009
DISAGREES,2009
DISALLOW,2009
DISALLOWANCE,2009
DISALLOWANCES,2009
DISALLOWED,2009
DISALLOWING,2009
DISALLOWS,2009
DISAPPEAR,2009
DISAPPEARANCE,2009
DISAPPEARANCES,2009
DISAPPEARED,2009
DISAPPEARING,2009
DISAPPEARS,2009
DISAPPOINT,2009
DISAPPOINTED,2009
DISAPPOINTING,2009
DISAPPOINTINGLY,2009
DISAPPOINTMENT,2009
DISAPPOINTMENTS,2009
DISAPPOINTS,2009
DISAPPROVAL,2009
DISAPPROVALS,2009
DISAPPROVE,2009
DISAPPROVED,2009
DISAPPROVES,2009
DISAPPROVING,2009
DISASSOCIATES,2009
DISASSOCIATING,2009
DISASSOCIATION,2009
DISASSOCIATIONS,2009
DISASTER,2009
DISASTERS,2009
DISASTROUS,2009
DISASTROUSLY,2009
DISAVOW,2009
DISAVOWAL,2009
DISAVOWED,2009
DISAVOWING,2009
DISAVOWS,2009
DISCIPLINARY,2009
DISCLAIM,2009
DISCLAIMED,2009
DISCLAIMER,2009
DISCLAIMERS,2009
DISCLAIMING,2009
DISCLAIMS,2009
DISCLOSE,2009
DISCLOSED,2009
DISCLOSES,2009
DISCLOSING,2009
DISCONTINUANCE,2009
DISCONTINUANCES,2009
DISCONTINUATION,2009
DISCONTINUATIONS,2009
DISCONTINUE,2009
DISCONTINUED,2009
DISCONTINUES,2009
DISCONTINUING,2009
DISCOURAGE,2009
DISCOURAGED,2009
DISCOURAGES,2009
DISCOURAGING,2009
DISCREDIT,2009
DISCREDITED,2009
DISCREDITING,2009
DISCREDITS,2009
DISCREPANCIES,2009
DISCREPANCY,2009
DISFAVOR,2009
DISFAVORED,2009
DISFAVORING,2009
DISFAVORS,2009
DISGORGE,2009
DISGORGED,2009
DISGORGEMENT,2009
DISGORGEMENTS,2009
DISGORGES,2009
DISGORGING,2009
DISGRACE,2009
DISGRACEFUL,2009
DISGRACEFULLY,2009
DISHONEST,2009
DISHONESTLY,2009
DISHONESTY,2009
DISHONOR,2009
DISHONORABLE,2009
DISHONORABLY,2009
DISHONORED,2009
DISHONORING,2009
DISHONORS,2009
DISINCENTIVES,2009
DISINTERESTED,2009
DISINTERESTEDLY,2009
DISINTERESTEDNESS,2009
DISLOYAL,2009
DISLOYALLY,2009
DISLOYALTY,2009
DISMAL,2009
DISMALLY,2009
DISMISS,2009
DISMISSAL,2009
DISMISSALS,2009
DISMISSED,2009
DISMISSES,2009
DISMISSING,2009
DISORDERLY,2009
DISPARAGE,2009
DISPARAGED,2009
DISPARAGEMENT,2009
DISPARAGEMENTS,2009
DISPARAGES,2009
DISPARAGING,2009
DISPARAGINGLY,2009
DISPARITIES,2009
DISPARITY,2009
DISPLACE,2009
DISPLACED,2009
DISPLACEMENT,2009
DISPLACEMENTS,2009
DISPLACES,2009
DISPLACING,2009
DISPOSE,2009
DISPOSSESS,2009
DISPOSSESSED,2009
DISPOSSESSES,2009
DISPOSSESSING,2009
DISPROPORTION,2009
DISPROPORTIONAL,2009
DISPROPORTIONATE,2009
DISPROPORTIONATELY,2009
DISPUTE,2009
DISPUTED,2009
DISPUTES,2009
DISPUTING,2009
DISQUALIFICATION,2009
DISQUALIFICATIONS,2009
DISQUALIFIED,2009
DISQUALIFIES,2009
DISQUALIFY,2009
DISQUALIFYING,2009
DISREGARD,2009
DISREGARDED,2009
DISREGARDING,2009
DISREGARDS,2009
DISREPUTABLE,2009
DISREPUTE,2009
DISRUPT,2009
DISRUPTED,2009
DISRUPTING,2009
DISRUPTION,2009
DISRUPTIONS,2009
DISRUPTIVE,2009
DISRUPTS,2009
DISSATISFACTION,2009
DISSATISFIED,2009
DISSENT,2009
DISSENTED,2009
DISSENTER,2009
DISSENTERS,2009
DISSENTING,2009
DISSENTS,2009
DISSIDENT,2009
DISSIDENTS,2009
DISSOLUTION,2009
DISSOLUTIONS,2009
DISTORT,2009
DISTORTED,2009
DISTORTING,2009
DISTORTION,2009
DISTORTIONS,2009
DISTORTS,2009
DISTRACT,2009
DISTRACTED,2009
DISTRACTING,2009
DISTRACTION,2009
DISTRACTIONS,2009
DISTRACTS,2009
DISTRESS,2009
DISTRESSED,2009
DISTURB,2009
DISTURBANCE,2009
DISTURBANCES,2009
DISTURBED,2009
DISTURBING,2009
DISTURBS,2009
DIVERSION,2009
DIVERT,2009
DIVERTED,2009
DIVERTING,2009
DIVERTS,2009
DIVEST,2009
DIVESTED,2009
DIVESTING,2009
DIVESTITURE,2009
DIVESTITURES,2009
DIVESTMENT,2009
DIVESTMENTS,2009
DIVESTS,2009
DIVORCE,2009
DIVORCED,2009
DIVULGE,2009
DIVULGED,2009
DIVULGES,2009
DIVULGING,2009
DOUBT,2009
DOUBTED,2009
DOUBTFUL,2009
DOUBTS,2009
DOWNGRADE,2009
DOWNGRADED,2009
DOWNGRADES,2009
DOWNGRADING,2009
DOWNSIZE,2009
DOWNSIZED,2009
DOWNSIZES,2009
DOWNSIZING,2009
DOWNSIZINGS,2009
DOWNTIME,2009
DOWNTIMES,2009
DOWNTURN,2009
DOWNTURNS,2009
DOWNWARD,2009
DOWNWARDS,2009
DRAG,2009
DRASTIC,2009
DRASTICALLY,2009
DRAWBACK,2009
DRAWBACKS,2009
DROPPED,2009
DROUGHT,2009
DROUGHTS,2009
DURESS,2009
DYSFUNCTION,2009
DYSFUNCTIONAL,2009
DYSFUNCTIONS,2009
EASING,2009
EGREGIOUS,2009
EGREGIOUSLY,2009
EMBARGO,2009
EMBARGOED,2009
EMBARGOES,2009
EMBARGOING,2009
EMBARRASS,2009
EMBARRASSED,2009
EMBARRASSES,2009
EMBARRASSING,2009
EMBARRASSMENT,2009
EMBARRASSMENTS,2009
EMBEZZLE,2009
EMBEZZLED,2009
EMBEZZLEMENT,2009
EMBEZZLEMENTS,2009
EMBEZZLER,2009
EMBEZZLES,2009
EMBEZZLING,2009
ENCROACH,2009
ENCROACHED,2009
ENCROACHES,2009
ENCROACHING,2009
ENCROACHMENT,2009
ENCROACHMENTS,2009
ENCUMBER,2009
ENCUMBERED,2009
ENCUMBERING,2009
ENCUMBERS,2009
ENCUMBRANCE,2009
ENCUMBRANCES,2009
ENDANGER,2009
ENDANGERED,2009
ENDANGERING,2009
ENDANGERMENT,2009
ENDANGERS,2009
ENJOIN,2009
ENJOINED,2009
ENJOINING,2009
ENJOINS,2009
ERODE,2009
ERODED,2009
ERODES,2009
ERODING,2009
EROSION,2009
ERRATIC,2009
ERRATICALLY,2009
ERRED,2009
ERRING,2009
ERRONEOUS,2009
ERRONEOUSLY,2009
ERROR,2009
ERRORS,2009
ERRS,2009
ESCALATE,2009
ESCALATED,2009
ESCALATES,2009
ESCALATING,2009
EVADE,2009
EVADED,2009
EVADES,2009
EVADING,2009
EVASION,2009
EVASIONS,2009
EVASIVE,2009
EVICT,2009
EVICTED,2009
EVICTING,2009
EVICTION,2009
EVICTIONS,2009
EVICTS,2009
EXACERBATE,2009
EXACERBATED,2009
EXACERBATES,2009
EXACERBATING,2009
EXACERBATION,2009
EXACERBATIONS,2009
EXAGGERATE,2009
EXAGGERATED,2009
EXAGGERATES,2009
EXAGGERATING,2009
EXAGGERATION,2009
EXCESSIVE,2009
EXCESSIVELY,2009
EXCULPATE,2009
EXCULPATED,2009
EXCULPATES,2009
EXCULPATING,2009
EXCULPATION,2009
EXCULPATIONS,2009
EXCULPATORY,2009
EXONERATE,2009
EXONERATED,2009
EXONERATES,2009
EXONERATING,2009
EXONERATION,2009
EXONERATIONS,2009
EXPLOIT,2009
EXPLOITATION,2009
EXPLOITATIONS,2009
EXPLOITATIVE,2009
EXPLOITED,2009
EXPLOITING,2009
EXPLOITS,2009
EXPOSE,2009
EXPOSED,2009
EXPOSES,2009
EXPOSING,2009
EXPROPRIATE,2009
EXPROPRIATED,2009
EXPROPRIATES,2009
EXPROPRIATING,2009
EXPROPRIATION,2009
EXPROPRIATIONS,2009
EXPULSION,2009
EXPULSIONS,2009
EXTENUATING,2009
FAIL,2009
FAILED,2009
FAILING,2009
FAILINGS,2009
FAILS,2009
FAILURE,2009
FAILURES,2009
FALLOUT,2009
FALSE,2009
FALSELY,2009
FALSIFICATION,2009
FALSIFICATIONS,2009
FALSIFIED,2009
FALSIFIES,2009
FALSIFY,2009
FALSIFYING,2009
FALSITY,2009
FATALITIES,2009
FATALITY,2009
FATALLY,2009
FAULT,2009
FAULTED,2009
FAULTS,2009
FAULTY,2009
FEAR,2009
FEARS,2009
FELONIES,2009
FELONIOUS,2009
FELONY,2009
FICTITIOUS,2009
FINED,2009
FINES,2009
FIRED,2009
FIRING,2009
FLAW,2009
FLAWED,2009
FLAWS,2009
FORBID,2009
FORBIDDEN,2009
FORBIDDING,2009
FORBIDS,2009
FORCE,2009
FORCED,2009
FORCING,2009
FORECLOSE,2009
FORECLOSED,2009
FORECLOSES,2009
FORECLOSING,2009
FORECLOSURE,2009
FORECLOSURES,2009
FOREGO,2009
FOREGOES,2009
FOREGOING,2009
FOREGONE,2009
FORESTALL,2009
FORESTALLED,2009
FORESTALLING,2009
FORESTALLS,2009
FORFEIT,2009
FORFEITED,2009
FORFEITING,2009
FORFEITS,2009
FORFEITURE,2009
FORFEITURES,2009
FORGERS,2009
FORGERY,2009
FRAUD,2009
FRAUDS,2009
FRAUDULENCE,2009
FRAUDULENT,2009
FRAUDULENTLY,2009
FRIVOLOUS,2009
FRIVOLOUSLY,2009
FRUSTRATE,2009
FRUSTRATED,2009
FRUSTRATES,2009
FRUSTRATING,2009
FRUSTRATINGLY,2009
FRUSTRATION,2009
FRUSTRATIONS,2009
FUGITIVE,2009
FUGITIVES,2009
GRATUITOUS,2009
GRATUITOUSLY,2009
GRIEVANCE,2009
GRIEVANCES,2009
GROSSLY,2009
GROUNDLESS,2009
GUILTY,2009
HALT,2009
HALTED,2009
HAMPER,2009
HAMPERED,2009
HAMPERING,2009
HAMPERS,2009
HARASS,2009
HARASSED,2009
HARASSING,2009
HARASSMENT,2009
HARDSHIP,2009
HARDSHIPS,2009
HARM,2009
HARMED,2009
HARMFUL,2009
HARMFULLY,2009
HARMING,2009
HARMS,2009
HARSH,2009
HARSHER,2009
HARSHEST,2009
HARSHLY,2009
HARSHNESS,2009
HAZARD,2009
HAZARDOUS,2009
HAZARDS,2009
HINDER,2009
HINDERED,2009
HINDERING,2009
HINDERS,2009
HINDRANCE,2009
HINDRANCES,2009
HOSTILE,2009
HOSTILITY,2009
HURT,2009
HURTING,2009
IDLE,2009
IDLED,2009
IDLING,2009
IGNORE,2009
IGNORED,2009
IGNORES,2009
IGNORING,2009
ILL,2009
ILLEGAL,2009
ILLEGALITIES,2009
ILLEGALITY,2009
ILLEGALLY,2009
ILLEGIBLE,2009
ILLICIT,2009
ILLICITLY,2009
ILLIQUID,2009
ILLIQUIDITY,2009
IMBALANCE,2009
IMBALANCES,2009
IMMATURE,2009
IMMORAL,2009
IMPAIR,2009
IMPAIRED,2009
IMPAIRING,2009
IMPAIRMENT,2009
IMPAIRMENTS,2009
IMPAIRS,2009
IMPASSE,2009
IMPASSES,2009
IMPEDE,2009
IMPEDED,2009
IMPEDES,2009
IMPEDIMENT,2009
IMPEDIMENTS,2009
IMPEDING,2009
IMPENDING,2009
IMPERATIVE,2009
IMPERFECTION,2009
IMPERFECTIONS,2009
IMPERIL,2009
IMPERMISSIBLE,2009
IMPLICATE,2009
IMPLICATED,2009
IMPLICATES,2009
IMPLICATING,2009
IMPOSSIBILITY,2009
IMPOSSIBLE,2009
IMPOUND,2009
IMPOUNDED,2009
IMPOUNDING,2009
IMPOUNDS,2009
IMPRACTICABLE,2009
IMPRACTICAL,2009
IMPRACTICALITIES,2009
IMPRACTICALITY,2009
IMPRISONMENT,2009
IMPROPER,2009
IMPROPERLY,2009
IMPROPRIETIES,2009
IMPROPRIETY,2009
IMPRUDENT,2009
IMPRUDENTLY,2009
INABILITY,2009
INACCESSIBLE,2009
INACCURACIES,2009
INACCURACY,2009
INACCURATE,2009
INACCURATELY,2009
INACTION,2009
INACTIONS,2009
INACTIVATE,2009
INACTIVATED,2009
INACTIVATES,2009
INACTIVATING,2009
INACTIVATION,2009
INACTIVATIONS,2009
INACTIVITY,2009
INADEQUACIES,2009
INADEQUACY,2009
INADEQUATE,2009
INADEQUATELY,2009
INADVERTENT,2009
INADVERTENTLY,2009
INADVISABILITY,2009
INADVISABLE,2009
INAPPLICABLE,2009
INAPPROPRIATE,2009
INAPPROPRIATELY,2009
INATTENTION,2009
INCAPABLE,2009
INCAPACITATED,2009
INCAPACITY,2009
INCARCERATE,2009
INCARCERATED,2009
INCARCERATES,2009
INCARCERATING,2009
INCARCERATION,2009
INCARCERATIONS,2009
INCIDENCE,2009
INCIDENCES,2009
INCIDENT,2009
INCIDENTS,2009
INCOMPATIBILITIES,2009
INCOMPATIBILITY,2009
INCOMPATIBLE,2009
INCOMPETENCE,2009
INCOMPETENCY,2009
INCOMPETENT,2009
INCOMPETENTLY,2009
INCOMPETENTS,2009
INCOMPLETE,2009
INCOMPLETELY,2009
INCOMPLETENESS,2009
INCONCLUSIVE,2009
INCONSISTENCIES,2009
INCONSISTENCY,2009
INCONSISTENT,2009
INCONSISTENTLY,2009
INCONVENIENCE,2009
INCONVENIENCES,2009
INCONVENIENT,2009
INCORRECT,2009
INCORRECTLY,2009
INCORRECTNESS,2009
INDECENCY,2009
INDECENT,2009
INDEFEASIBLE,2009
INDEFEASIBLY,2009
INDICT,2009
INDICTABLE,2009
INDICTED,2009
INDICTING,2009
INDICTMENT,2009
INDICTMENTS,2009
INEFFECTIVE,2009
INEFFECTIVELY,2009
INEFFECTIVENESS,2009
INEFFICIENCIES,2009
INEFFICIENCY,2009
INEFFICIENT,2009
INEFFICIENTLY,2009
INELIGIBILITY,2009
INELIGIBLE,2009
INEQUITABLE,2009
INEQUITABLY,2009
INEQUITIES,2009
INEQUITY,2009
INEVITABLE,2009
INEXPERIENCE,2009
INEXPERIENCED,2009
INFERIOR,2009
INFLICTED,2009
INFRACTION,2009
INFRACTIONS,2009
INFRINGE,2009
INFRINGED,2009
INFRINGEMENT,2009
INFRINGEMENTS,2009
INFRINGES,2009
INFRINGING,2009
INHIBITED,2009
INIMICAL,2009
INJUNCTION,2009
INJUNCTIONS,2009
INJURE,2009
INJURED,2009
INJURES,2009
INJURIES,2009
INJURING,2009
INJURIOUS,2009
INJURY,2009
INORDINATE,2009
INORDINATELY,2009
INQUIRY,2009
INSECURE,2009
INSENSITIVE,2009
INSOLVENCIES,2009
INSOLVENCY,2009
INSOLVENT,2009
INSTABILITY,2009
INSUBORDINATION,2009
INSUFFICIENCY,2009
INSUFFICIENT,2009
INSUFFICIENTLY,2009
INSURRECTION,2009
INSURRECTIONS,2009
INTENTIONAL,2009
INTERFERE,2009
INTERFERED,2009
INTERFERENCE,2009
INTERFERENCES,2009
INTERFERES,2009
INTERFERING,2009
INTERMITTENT,2009
INTERMITTENTLY,2009
INTERRUPT,2009
INTERRUPTED,2009
INTERRUPTING,2009
INTERRUPTION,2009
INTERRUPTIONS,2009
INTERRUPTS,2009
INTIMIDATION,2009
INTRUSION,2009
INVALID,2009
INVALIDATE,2009
INVALIDATED,2009
INVALIDATES,2009
INVALIDATING,2009
INVALIDATION,2009
INVALIDITY,2009
INVESTIGATE,2009
INVESTIGATED,2009
INVESTIGATES,2009
INVESTIGATING,2009
INVESTIGATION,2009
INVESTIGATIONS,2009
INVOLUNTARILY,2009
INVOLUNTARY,2009
IRRECONCILABLE,2009
IRRECONCILABLY,2009
IRRECOVERABLE,2009
IRRECOVERABLY,2009
IRREGULAR,2009
IRREGULARITIES,2009
IRREGULARITY,2009
IRREGULARLY,2009
IRREPARABLE,2009
IRREPARABLY,2009
IRREVERSIBLE,2009
JEOPARDIZE,2009
JEOPARDIZED,2009
JUSTIFIABLE,2009
KICKBACK,2009
KICKBACKS,2009
KNOWINGLY,2009
LACK,2009
LACKED,2009
LACKING,2009
LACKLUSTER,2009
LACKS,2009
LAG,2009
LAGGED,2009
LAGGING,2009
LAGS,2009
LAPSE,2009
LAPSED,2009
LAPSES,2009
LAPSING,2009
LATE,2009
LAUNDERING,2009
LAYOFF,2009
LAYOFFS,2009
LIE,2009
LIMITATION,2009
LIMITATIONS,2009
LINGERING,2009
LIQUIDATE,2009
LIQUIDATED,2009
LIQUIDATES,2009
LIQUIDATING,2009
LIQUIDATION,2009
LIQUIDATIONS,2009
LIQUIDATOR,2009
LIQUIDATORS,2009
LITIGANT,2009
LITIGANTS,2009
LITIGATE,2009
LITIGATED,2009
LITIGATES,2009
LITIGATING,2009
LITIGATION,2009
LITIGATIONS,2009
LOCKOUT,2009
LOCKOUTS,2009
LOSE,2009
LOSES,2009
LOSING,2009
LOSS,2009
LOSSES,2009
LOST,2009
LYING,2009
MALFEASANCE,2009
MALFUNCTION,2009
MALFUNCTIONED,2009
MALFUNCTIONING,2009
MALFUNCTIONS,2009
MALICE,2009
MALICIOUS,2009
MALICIOUSLY,2009
MALPRACTICE,2009
MANIPULATE,2009
MANIPULATED,2009
MANIPULATES,2009
MANIPULATING,2009
MANIPULATION,2009
MANIPULATIONS,2009
MANIPULATIVE,2009
MARKDOWN,2009
MARKDOWNS,2009
MISAPPLICATION,2009
MISAPPLICATIONS,2009
MISAPPLIED,2009
MISAPPLIES,2009
MISAPPLY,2009
MISAPPLYING,2009
MISAPPROPRIATE,2009
MISAPPROPRIATED,2009
MISAPPROPRIATES,2009
MISAPPROPRIATING,2009
MISAPPROPRIATION,2009
MISAPPROPRIATIONS,2009
MISBRANDED,2009
MISCALCULATE,2009
MISCALCULATED,2009
MISCALCULATES,2009
MISCALCULATING,2009
MISCALCULATION,2009
MISCALCULATIONS,2009
MISCHIEF,2009
MISCLASSIFICATION,2011
MISCLASSIFIED,2011
MISCONDUCT,2009
MISDATED,2011
MISDEMEANOR,2009
MISDEMEANORS,2009
MISDIRECTED,2009
MISHANDLE,2009
MISHANDLED,2009
MISHANDLES,2009
MISHANDLING,2009
MISINFORM,2009
MISINFORMATION,2009
MISINFORMED,2009
MISINFORMING,2009
MISINFORMS,2009
MISINTERPRET,2009
MISINTERPRETATION,2009
MISINTERPRETATIONS,2009
MISINTERPRETED,2009
MISINTERPRETING,2009
MISINTERPRETS,2009
MISJUDGE,2009
MISJUDGED,2009
MISJUDGES,2009
MISJUDGING,2009
MISJUDGMENT,2009
MISJUDGMENTS,2009
MISLABEL,2009
MISLABELED,2009
MISLABELING,2009
MISLABELLED,2009
MISLABELS,2009
MISLEAD,2009
MISLEADING,2009
MISLEADINGLY,2009
MISLEADS,2009
MISLED,2009
MISMANAGE,2009
MISMANAGED,2009
MISMANAGEMENT,2009
MISMANAGES,2009
MISMANAGING,2009
MISMATCH,2009
MISMATCHED,2009
MISMATCHES,2009
MISMATCHING,2009
MISPLACED,2009
MISREPRESENT,2009
MISREPRESENTATION,2009
MISREPRESENTATIONS,2009
MISREPRESENTED,2009
MISREPRESENTING,2009
MISREPRESENTS,2009
MISS,2009
MISSED,2009
MISSES,2009
MISSTATE,2009
MISSTATED,2009
MISSTATEMENT,2009
MISSTATEMENTS,2009
MISSTATES,2009
MISSTATING,2009
MISSTEP,2009
MISSTEPS,2009
MISTAKE,2009
MISTAKEN,2009
MISTAKENLY,2009
MISTAKES,2009
MISTAKING,2009
MISTRIAL,2009
MISTRIALS,2009
MISUNDERSTAND,2009
MISUNDERSTANDING,2009
MISUNDERSTANDINGS,2009
MISUNDERSTOOD,2009
MISUSE,2009
MISUSED,2009
MISUSES,2009
MISUSING,2009
MONOPOLISTIC,2009
MONOPOLISTS,2009
MONOPOLIZATION,2009
MONOPOLIZE,2009
MONOPOLIZED,2009
MONOPOLIZES,2009
MONOPOLIZING,2009
MONOPOLY,2009
MORATORIA,2009
MORATORIUM,2009
MORATORIUMS,2009
MOTHBALLED,2009
MOTHBALLING,2009
NEGATIVE,2009
NEGATIVELY,2009
NEGATIVES,2009
NEGLECT,2009
NEGLECTED,2009
NEGLECTFUL,2009
NEGLECTING,2009
NEGLECTS,2009
NEGLIGENCE,2009
NEGLIGENCES,2009
NEGLIGENT,2009
NEGLIGENTLY,2009
NONATTAINMENT,2009
NONCOMPETITIVE,2009
NONCOMPLIANCE,2009
NONCOMPLIANCES,2009
NONCOMPLIANT,2009
NONCOMPLYING,2009
NONCONFORMING,2009
NONCONFORMITIES,2009
NONCONFORMITY,2009
NONDISCLOSURE,2009
NONFUNCTIONAL,2009
NONPAYMENT,2009
NONPAYMENTS,2009
NONPERFORMANCE,2009
NONPERFORMANCES,2009
NONPERFORMING,2009
NONPRODUCING,2009
NONPRODUCTIVE,2009
NONRECOVERABLE,2009
NONRENEWAL,2009
NUISANCE,2009
NUISANCES,2009
NULLIFICATION,2009
NULLIFICATIONS,2009
NULLIFIED,2009
NULLIFIES,2009
NULLIFY,2009
NULLIFYING,2009
OBJECTED,2009
OBJECTING,2009
OBJECTION,2009
OBJECTIONABLE,2009
OBJECTIONABLY,2009
OBJECTIONS,2009
OBSCENE,2009
OBSCENITY,2009
OBSOLESCENCE,2009
OBSOLETE,2009
OBSTACLE,2009
OBSTACLES,2009
OBSTRUCT,2009
OBSTRUCTED,2009
OBSTRUCTING,2009
OBSTRUCTION,2009
OBSTRUCTIONS,2009
OFFENCE,2009
OFFENCES,2009
OFFEND,2009
OFFENDED,2009
OFFENDER,2009
OFFENDERS,2009
OFFENDING,2009
OFFENDS,2009
OMISSION,2009
OMISSIONS,2009
OMIT,2009
OMITS,2009
OMITTED,2009
OMITTING,2009
ONEROUS,2009
OPPORTUNISTIC,2009
OPPORTUNISTICALLY,2009
OPPOSE,2009
OPPOSED,2009
OPPOSES,2009
OPPOSING,2009
OPPOSITION,2009
OPPOSITIONS,2009
OUTAGE,2009
OUTAGES,2009
OUTDATED,2009
OUTMODED,2009
OVERAGE,2009
OVERAGES,2009
OVERBUILD,2009
OVERBUILDING,2009
OVERBUILDS,2009
OVERBUILT,2009
OVERBURDEN,2009
OVERBURDENED,2009
OVERBURDENING,2009
OVERCAPACITIES,2009
OVERCAPACITY,2009
OVERCHARGE,2009
OVERCHARGED,2009
OVERCHARGES,2009
OVERCHARGING,2009
OVERCOME,2009
OVERCOMES,2009
OVERCOMING,2009
OVERDUE,2009
OVERESTIMATE,2009
OVERESTIMATED,2009
OVERESTIMATES,2009
OVERESTIMATING,2009
OVERESTIMATION,2009
OVERESTIMATIONS,2009
OVERLOAD,2009
OVERLOADED,2009
OVERLOADING,2009
OVERLOADS,2009
OVERLOOK,2009
OVERLOOKED,2009
OVERLOOKING,2009
OVERLOOKS,2009
OVERPAID,2009
OVERPAYMENT,2009
OVERPAYMENTS,2009
OVERPRODUCED,2009
OVERPRODUCES,2009
OVERPRODUCING,2009
OVERPRODUCTION,2009
OVERRUN,2009
OVERRUNNING,2009
OVERRUNS,2009
OVERSHADOW,2009
OVERSHADOWED,2009
OVERSHADOWING,2009
OVERSHADOWS,2009
OVERSTATE,2009
OVERSTATED,2009
OVERSTATEMENT,2009
OVERSTATEMENTS,2009
OVERSTATES,2009
OVERSTATING,2009
OVERSUPPLIED,2009
OVERSUPPLIES,2009
OVERSUPPLY,2009
OVERSUPPLYING,2009
OVERTLY,2009
OVERTURN,2009
OVERTURNED,2009
OVERTURNING,2009
OVERTURNS,2009
OVERVALUE,2009
OVERVALUED,2009
OVERVALUING,2009
PANIC,2009
PANICS,2009
PENALIZE,2009
PENALIZED,2009
PENALIZES,2009
PENALIZING,2009
PENALTIES,2009
PENALTY,2009
PERIL,2009
PERILS,2009
PERJURY,2009
PERPETRATE,2009
PERPETRATED,2009
PERPETRATES,2009
PERPETRATING,2009
PERPETRATION,2009
PERSIST,2009
PERSISTED,2009
PERSISTENCE,2009
PERSISTENT,2009
PERSISTENTLY,2009
PERSISTING,2009
PERSISTS,2009
PERVASIVE,2009
PERVASIVELY,2009
PERVASIVENESS,2009
PETTY,2009
PICKET,2009
PICKETED,2009
PICKETING,2009
PLAINTIFF,2009
PLAINTIFFS,2009
PLEA,2009
PLEAD,2009
PLEADED,2009
PLEADING,2009
PLEADINGS,2009
PLEADS,2009
PLEAS,2009
PLED,2009
POOR,2009
POORLY,2009
POSES,2009
POSING,2009
POSTPONE,2009
POSTPONED,2009
POSTPONEMENT,2009
POSTPONEMENTS,2009
POSTPONES,2009
POSTPONING,2009
PRECIPITATED,2009
PRECIPITOUS,2009
PRECIPITOUSLY,2009
PRECLUDE,2009
PRECLUDED,2009
PRECLUDES,2009
PRECLUDING,2009
PREDATORY,2009
PREJUDICE,2009
PREJUDICED,2009
PREJUDICES,2009
PREJUDICIAL,2009
PREJUDICING,2009
PREMATURE,2009
PREMATURELY,2009
PRESSING,2009
PRETRIAL,2009
PREVENTING,2009
PREVENTION,2009
PREVENTS,2009
PROBLEM,2009
PROBLEMATIC,2009
PROBLEMATICAL,2009
PROBLEMS,2009
PROLONG,2009
PROLONGATION,2009
PROLONGATIONS,2009
PROLONGED,2009
PROLONGING,2009
PROLONGS,2009
PRONE,2009
PROSECUTE,2009
PROSECUTED,2009
PROSECUTES,2009
PROSECUTING,2009
PROSECUTION,2009
PROSECUTIONS,2009
PROTEST,2009
PROTESTED,2009
PROTESTER,2009
PROTESTERS,2009
PROTESTING,2009
PROTESTOR,2009
PROTESTORS,2009
PROTESTS,2009
PROTRACTED,2009
PROTRACTION,2009
PROVOKE,2009
PROVOKED,2009
PROVOKES,2009
PROVOKING,2009
PUNISHED,2009
PUNISHES,2009
PUNISHING,2009
PUNISHMENT,2009
PUNISHMENTS,2009
PUNITIVE,2009
PURPORT,2009
PURPORTED,2009
PURPORTEDLY,2009
PURPORTING,2009
PURPORTS,2009
QUESTION,2009
QUESTIONABLE,2009
QUESTIONABLY,2009
QUESTIONED,2009
QUESTIONING,2009
QUESTIONS,2009
QUIT,2009
QUITTING,2009
RACKETEER,2009
RACKETEERING,2009
RATIONALIZATION,2009
RATIONALIZATIONS,2009
RATIONALIZE,2009
RATIONALIZED,2009
RATIONALIZES,2009
RATIONALIZING,2009
REASSESSMENT,2009
REASSESSMENTS,2009
REASSIGN,2009
REASSIGNED,2009
REASSIGNING,2009
REASSIGNMENT,2009
REASSIGNMENTS,2009
REASSIGNS,2009
RECALL,2009
RECALLED,2009
RECALLING,2009
RECALLS,2009
RECESSION,2009
RECESSIONARY,2009
RECESSIONS,2009
RECKLESS,2009
RECKLESSLY,2009
RECKLESSNESS,2009
REDACT,2009
REDACTED,2009
REDACTING,2009
REDACTION,2009
REDACTIONS,2009
REDRESS,2009
REDRESSED,2009
REDRESSES,2009
REDRESSING,2009
REFINANCE,2009
REFINANCED,2009
REFINANCES,2009
REFINANCING,2009
REFINANCINGS,2009
REFUSAL,2009
REFUSALS,2009
REFUSE,2009
REFUSED,2009
REFUSES,2009
REFUSING,2009
REJECT,2009
REJECTED,2009
REJECTING,2009
REJECTION,2009
REJECTIONS,2009
REJECTS,2009
RELINQUISH,2009
RELINQUISHED,2009
RELINQUISHES,2009
RELINQUISHING,2009
RELINQUISHMENT,2009
RELINQUISHMENTS,2009
RELUCTANCE,2009
RELUCTANT,2009
RENEGOTIATE,2009
RENEGOTIATED,2009
RENEGOTIATES,2009
RENEGOTIATING,2009
RENEGOTIATION,2009
RENEGOTIATIONS,2009
RENOUNCE,2009
RENOUNCED,2009
RENOUNCEMENT,2009
RENOUNCEMENTS,2009
RENOUNCES,2009
RENOUNCING,2009
REPARATION,2009
REPARATIONS,2009
REPOSSESSED,2009
REPOSSESSES,2009
REPOSSESSING,2009
REPOSSESSION,2009
REPOSSESSIONS,2009
REPUDIATE,2009
REPUDIATED,2009
REPUDIATES,2009
REPUDIATING,2009
REPUDIATION,2009
REPUDIATIONS,2009
RESIGN,2009
RESIGNATION,2009
RESIGNATIONS,2009
RESIGNED,2009
RESIGNING,2009
RESIGNS,2009
RESTATE,2009
RESTATED,2009
RESTATEMENT,2009
RESTATEMENTS,2009
RESTATES,2009
RESTATING,2009
RESTRUCTURE,2009
RESTRUCTURED,2009
RESTRUCTURES,2009
RESTRUCTURING,2009
RESTRUCTURINGS,2009
RETALIATE,2009
RETALIATED,2009
RETALIATES,2009
RETALIATING,2009
RETALIATION,2009
RETALIATIONS,2009
RETALIATORY,2009
RETRIBUTION,2009
RETRIBUTIONS,2009
REVOCATION,2009
REVOCATIONS,2009
REVOKE,2009
REVOKED,2009
REVOKES,2009
REVOKING,2009
RIDICULE,2009
RIDICULED,2009
RIDICULES,2009
RIDICULING,2009
RISKIER,2009
RISKIEST,2009
RISKY,2009
SABOTAGE,2009
SACRIFICE,2009
SACRIFICED,2009
SACRIFICES,2009
SACRIFICIAL,2009
SACRIFICING,2009
SCANDALOUS,2009
SCANDALS,2009
SCRUTINIZE,2009
SCRUTINIZED,2009
SCRUTINIZES,2009
SCRUTINIZING,2009
SCRUTINY,2009
SECRECY,2009
SEIZE,2009
SEIZED,2009
SEIZES,2009
SEIZING,2009
SENTENCED,2009
SENTENCING,2009
SERIOUS,2009
SERIOUSLY,2009
SERIOUSNESS,2009
SETBACK,2009
SETBACKS,2009
SEVER,2009
SEVERE,2009
SEVERED,2009
SEVERELY,2009
SEVERITIES,2009
SEVERITY,2009
SHARPLY,2009
SHOCKED,2009
SHORTAGE,2009
SHORTAGES,2009
SHORTFALL,2009
SHORTFALLS,2009
SHRINKAGE,2009
SHRINKAGES,2009
SHUT,2009
SHUTDOWN,2009
SHUTDOWNS,2009
SHUTS,2009
SHUTTING,2009
SLANDER,2009
SLANDERED,2009
SLANDEROUS,2009
SLANDERS,2009
SLIPPAGE,2009
SLIPPAGES,2009
SLOW,2009
SLOWDOWN,2009
SLOWDOWNS,2009
SLOWED,2009
SLOWER,2009
SLOWEST,2009
SLOWING,2009
SLOWLY,2009
SLOWNESS,2009
SLUGGISH,2009
SLUGGISHLY,2009
SLUGGISHNESS,2009
SOLVENCIES,2009
SOLVENCY,2009
STAGGERING,2009
STAGNANT,2009
STAGNATE,2009
STAGNATED,2009
STAGNATES,2009
STAGNATING,2009
STAGNATION,2009
STANDSTILL,2009
STANDSTILLS,2009
STOLEN,2009
STOPPAGE,2009
STOPPAGES,2009
STOPPED,2009
STOPPING,2009
STOPS,2009
STRAIN,2009
STRAINED,2009
STRAINING,2009
STRAINS,2009
STRESS,2009
STRESSED,2009
STRESSES,2009
STRESSFUL,2009
STRESSING,2009
STRINGENT,2009
SUBJECTED,2009
SUBJECTING,2009
SUBJECTION,2009
SUBPOENA,2009
SUBPOENAED,2009
SUBPOENAS,2009
SUBSTANDARD,2009
SUE,2009
SUED,2009
SUES,2009
SUFFER,2009
SUFFERED,2009
SUFFERING,2009
SUFFERS,2009
SUING,2009
SUMMONED,2009
SUMMONING,2009
SUMMONS,2009
SUMMONSES,2009
SURRENDER,2009
SURRENDERED,2009
SURRENDERING,2009
SURRENDERS,2009
SUSCEPTIBILITY,2009
SUSCEPTIBLE,2009
SUSPECT,2009
SUSPECTED,2009
SUSPECTS,2009
SUSPEND,2009
SUSPENDED,2009
SUSPENDING,2009
SUSPENDS,2009
SUSPENSION,2009
SUSPENSIONS,2009
SUSPICION,2009
SUSPICIONS,2009
SUSPICIOUS,2009
SUSPICIOUSLY,2009
TAINT,2009
TAINTED,2009
TAINTING,2009
TAINTS,2009
TAMPERED,2009
TENSE,2009
TERMINATE,2009
TERMINATED,2009
TERMINATES,2009
TERMINATING,2009
TERMINATION,2009
TERMINATIONS,2009
TESTIFY,2009
TESTIFYING,2009
THREAT,2009
THREATEN,2009
THREATENED,2009
THREATENING,2009
THREATENS,2009
THREATS,2009
TIGHTENING,2009
TOLERATE,2009
TOLERATED,2009
TOLERATES,2009
TOLERATING,2009
TOLERATION,2009
TORTUOUS,2009
TORTUOUSLY,2009
TRAGEDIES,2009
TRAGEDY,2009
TRAGIC,2009
TRAGICALLY,2009
TRAUMATIC,2009
TROUBLE,2009
TROUBLED,2009
TROUBLES,2009
TURBULENCE,2009
TURMOIL,2009
UNABLE,2009
UNACCEPTABLE,2009
UNACCEPTABLY,2009
UNACCOUNTED,2009
UNANNOUNCED,2009
UNANTICIPATED,2009
UNAPPROVED,2009
UNATTRACTIVE,2009
UNAUTHORIZED,2009
UNAVAILABILITY,2009
UNAVAILABLE,2009
UNAVOIDABLE,2009
UNAVOIDABLY,2009
UNAWARE,2009
UNCOLLECTABLE,2009
UNCOLLECTED,2009
UNCOLLECTIBILITY,2009
UNCOLLECTIBLE,2009
UNCOLLECTIBLES,2009
UNCOMPETITIVE,2009
UNCOMPLETED,2009
UNCONSCIONABLE,2009
UNCONSCIONABLY,2009
UNCONTROLLABLE,2009
UNCONTROLLABLY,2009
UNCONTROLLED,2009
UNCORRECTED,2009
UNCOVER,2009
UNCOVERED,2009
UNCOVERING,2009
UNCOVERS,2009
UNDELIVERABLE,2009
UNDELIVERED,2009
UNDERCAPITALIZED,2009
UNDERCUT,2009
UNDERCUTS,2009
UNDERCUTTING,2009
UNDERESTIMATE,2009
UNDERESTIMATED,2009
UNDERESTIMATES,2009
UNDERESTIMATING,2009
UNDERESTIMATION,2009
UNDERFUNDED,2009
UNDERINSURED,2009
UNDERMINE,2009
UNDERMINED,2009
UNDERMINES,2009
UNDERMINING,2009
UNDERPAID,2009
UNDERPAYMENT,2009
UNDERPAYMENTS,2009
UNDERPAYS,2009
UNDERPERFORM,2011
UNDERPERFORMANCE,2009
UNDERPERFORMED,2011
UNDERPERFORMING,2009
UNDERPRODUCED,2009
UNDERPRODUCTION,2009
UNDERREPORTING,2011
UNDERSTATE,2009
UNDERSTATED,2009
UNDERSTATEMENT,2009
UNDERSTATEMENTS,2009
UNDERSTATES,2009
UNDERSTATING,2009
UNDERUTILIZATION,2009
UNDERUTILIZED,2009
UNDESIRABLE,2009
UNDESIRED,2009
UNDETECTED,2009
UNDETERMINED,2009
UNDISCLOSED,2009
UNDOCUMENTED,2009
UNDUE,2009
UNDULY,2009
UNECONOMIC,2009
UNECONOMICAL,2009
UNECONOMICALLY,2009
UNEMPLOYED,2009
UNEMPLOYMENT,2009
UNETHICAL,2009
UNETHICALLY,2009
UNEXCUSED,2009
UNEXPECTED,2009
UNEXPECTEDLY,2009
UNFAIR,2009
UNFAIRLY,2009
UNFAVORABLE,2009
UNFAVORABLY,2009
UNFAVOURABLE,2011
UNFEASIBLE,2009
UNFIT,2009
UNFITNESS,2009
UNFORESEEABLE,2009
UNFORESEEN,2009
UNFORSEEN,2011
UNFORTUNATE,2009
UNFORTUNATELY,2009
UNFOUNDED,2009
UNFRIENDLY,2009
UNFULFILLED,2009
UNFUNDED,2009
UNINSURED,2009
UNINTENDED,2009
UNINTENTIONAL,2009
UNINTENTIONALLY,2009
UNJUST,2009
UNJUSTIFIABLE,2009
UNJUSTIFIABLY,2009
UNJUSTIFIED,2009
UNJUSTLY,2009
UNKNOWING,2009
UNKNOWINGLY,2009
UNLAWFUL,2009
UNLAWFULLY,2009
UNLICENSED,2009
UNLIQUIDATED,2009
UNMARKETABLE,2009
UNMERCHANTABLE,2011
UNNECESSARILY,2009
UNNECESSARY,2009
UNNEEDED,2009
UNOBTAINABLE,2009
UNOCCUPIED,2009
UNPAID,2009
UNPERFORMED,2009
UNPLANNED,2009
UNPOPULAR,2009
UNPREDICTABILITY,2009
UNPREDICTABLE,2009
UNPREDICTABLY,2009
UNPREDICTED,2011
UNPRODUCTIVE,2009
UNPROFITABILITY,2011
UNPROFITABLE,2009
UNQUALIFIED,2009
UNREALISTIC,2009
UNREASONABLE,2009
UNREASONABLENESS,2009
UNREASONABLY,2009
UNRECOVERABLE,2009
UNRECOVERED,2009
UNREIMBURSED,2009
UNRELIABLE,2009
UNREMEDIED,2009
UNREPORTED,2009
UNRESOLVED,2009
UNREST,2009
UNSAFE,2009
UNSALABLE,2009
UNSALEABLE,2009
UNSATISFACTORY,2009
UNSATISFIED,2009
UNSAVORY,2009
UNSCHEDULED,2009
UNSOLD,2009
UNSOUND,2009
UNSTABLE,2009
UNSUBSTANTIATED,2009
UNSUCCESSFUL,2009
UNSUCCESSFULLY,2009
UNSUITABILITY,2009
UNSUITABLE,2009
UNSUITABLY,2009
UNSUITED,2009
UNSURE,2009
UNSUSPECTED,2009
UNSUSPECTING,2009
UNSUSTAINABLE,2009
UNTENABLE,2009
UNTIMELY,2009
UNTRUTH,2009
UNTRUTHFUL,2009
UNTRUTHFULLY,2009
UNTRUTHFULNESS,2009
UNTRUTHS,2009
UNUSABLE,2009
UNWANTED,2009
UNWARRANTED,2009
UNWELCOME,2009
UNWILLING,2009
UNWILLINGNESS,2009
UPSET,2009
URGENCY,2009
URGENT,2009
USURIOUS,2009
USURP,2009
USURPED,2009
USURPING,2009
USURPS,2009
USURY,2009
VANDALISM,2009
VERDICT,2009
VERDICTS,2009
VETOED,2009
VICTIMS,2009
VIOLATE,2009
VIOLATED,2009
VIOLATES,2009
VIOLATING,2009
VIOLATION,2009
VIOLATIONS,2009
VIOLATIVE,2009
VIOLATOR,2009
VIOLATORS,2009
VIOLENCE,2009
VIOLENT,2009
VIOLENTLY,2009
VITIATE,2009
VITIATED,2009
VITIATES,2009
VITIATING,2009
VITIATION,2009
VOIDED,2009
VOIDING,2009
VOLATILE,2009
VOLATILITY,2009
VULNERABILITIES,2009
VULNERABILITY,2009
VULNERABLE,2009
VULNERABLY,2009
WARN,2009
WARNED,2009
WARNING,2009
WARNINGS,2009
WARNS,2009
WASTED,2009
WASTEFUL,2009
WASTING,2009
WEAK,2009
WEAKEN,2009
WEAKENED,2009
WEAKENING,2009
WEAKENS,2009
WEAKER,2009
WEAKEST,2009
WEAKLY,2009
WEAKNESS,2009
WEAKNESSES,2009
WILLFULLY,2009
WORRIES,2009
WORRY,2009
WORRYING,2009
WORSE,2009
WORSEN,2009
WORSENED,2009
WORSENING,2009
WORSENS,2009
WORST,2009
WORTHLESS,2009
WRITEDOWN,2009
WRITEDOWNS,2009
WRITEOFF,2009
WRITEOFFS,2009
WRONG,2009
WRONGDOING,2009
WRONGDOINGS,2009
WRONGFUL,2009
WRONGFULLY,2009
WRONGLY,2009
